continent,country,year,pop,perc_urban_pop,gdp_per_capita
Africa,Algeria,1962,11800771,34.51176,3210.70758
Africa,Algeria,1967,12876118,39.10168,4257.66176
Africa,Algeria,1972,14427072,39.81607,5536.87644
Africa,Algeria,1977,17015994,40.77373,6553.95899
Africa,Algeria,1982,19872348,44.75414,8315.72291
Africa,Algeria,1987,23443624,49.73254,9299.41344
Africa,Algeria,1992,26628568,53.70523,9755.45558
Africa,Algeria,1997,29579301,57.54559,10043.73117
Africa,Algeria,2002,31750835,61.38127,11995.66873
Africa,Algeria,2007,34189416,65.16908,14137.48114
Africa,Algeria,2012,37646166,68.34213,14697.53961
Africa,Algeria,2017,41689299,71.32279,15427.66419
Africa,Angola,1962,5354310,11.20706,3591.11662
Africa,Angola,1967,5641807,13.07491,4899.61582
Africa,Angola,1972,6174262,15.76259,5200.84498
Africa,Angola,1977,7317829,20.49551,3779.39869
Africa,Angola,1982,8751648,26.76826,3796.44411
Africa,Angola,1987,10497858,33.72768,4325.11914
Africa,Angola,1992,12423712,40.52058,4750.38909
Africa,Angola,1997,14660413,46.72065,5012.3417
Africa,Angola,2002,17327699,52.89262,6149.13438
Africa,Angola,2007,20778561,57.75646,9191.41108
Africa,Angola,2012,25177394,61.51142,10051.33991
Africa,Angola,2017,30234839,65.08505,9042.11713
Africa,Benin,1962,2604659,10.80174,1654.45246
Africa,Benin,1967,2872997,14.74899,1781.26343
Africa,Benin,1972,3207543,19.806,1907.7465
Africa,Benin,1977,3623202,24.79093,1803.12229
Africa,Benin,1982,4156596,28.94341,2137.92676
Africa,Benin,1987,4818486,32.8863,2103.46995
Africa,Benin,1992,5617844,35.78976,2267.92908
Africa,Benin,1997,6583365,37.40338,2417.12064
Africa,Benin,2002,7675426,39.00351,2624.71693
Africa,Benin,2007,8953969,41.28578,2720.93466
Africa,Benin,2012,10397657,44.04751,2779.72648
Africa,Benin,2017,12039780,47.29428,3041.7793
Africa,Botswana,1962,540186,3.14033,795.08488
Africa,Botswana,1967,580933,5.64569,990.07246
Africa,Botswana,1972,622407,10.57126,1851.42893
Africa,Botswana,1977,799574,13.05016,2646.4929
Africa,Botswana,1982,1009269,17.23185,4276.49412
Africa,Botswana,1987,1199167,33.8658,6466.24977
Africa,Botswana,1992,1380033,46.79853,10027.58978
Africa,Botswana,1997,1571691,51.05241,11911.13165
Africa,Botswana,2002,1744763,55.0143,13235.91825
Africa,Botswana,2007,1911201,60.78223,15834.79471
Africa,Botswana,2012,2108617,64.39932,14957.61891
Africa,Botswana,2017,2266747,65.94564,17352.89584
Africa,Burkina Faso,1962,4919672,5.19886,1042.04929
Africa,Burkina Faso,1967,5326348,5.63021,1038.55184
Africa,Burkina Faso,1972,5807234,6.09733,1100.33007
Africa,Burkina Faso,1977,6428734,6.84646,959.13509
Africa,Burkina Faso,1982,7340197,9.71601,1063.66934
Africa,Burkina Faso,1987,8457109,12.26559,1209.78488
Africa,Burkina Faso,1992,9629275,13.84371,1271.21462
Africa,Burkina Faso,1997,10934223,15.81413,1388.41119
Africa,Burkina Faso,2002,12680897,19.72505,1514.50187
Africa,Burkina Faso,2007,14816307,22.97418,1732.62043
Africa,Burkina Faso,2012,17172287,24.80019,2003.66461
Africa,Burkina Faso,2017,19894407,25.97699,2232.28782
Africa,Burundi,1962,2907943,2.01386,742.49548
Africa,Burundi,1967,3300690,2.51479,854.93118
Africa,Burundi,1972,3617128,3.14419,916.71227
Africa,Burundi,1977,3983582,3.86999,1044.95147
Africa,Burundi,1982,4681390,4.69234,1098.61817
Africa,Burundi,1987,5247787,5.66101,1308.03219
Africa,Burundi,1992,5858407,6.64881,1435.73604
Africa,Burundi,1997,6070042,7.50555,1032.46566
Africa,Burundi,2002,6824132,8.45108,996.91237
Africa,Burundi,2007,8161874,9.77289,950.63619
Africa,Burundi,2012,10071028,12.22446,958.6574
Africa,Burundi,2017,11506762,16.62413,880.99344
Africa,Cameroon,1962,5338620,14.36917,1835.44762
Africa,Cameroon,1967,5977318,17.71607,1899.76133
Africa,Cameroon,1972,6806872,22.73025,2105.82963
Africa,Cameroon,1977,7796501,29.41991,2215.95673
Africa,Cameroon,1982,9028678,34.10471,3551.0292
Africa,Cameroon,1987,10370749,37.98174,4485.07744
Africa,Cameroon,1992,12006353,41.43951,3469.10769
Africa,Cameroon,1997,13775214,44.57162,3364.34086
Africa,Cameroon,2002,15725528,47.25892,3796.465
Africa,Cameroon,2007,18049896,49.7027,4242.1752
Africa,Cameroon,2012,20809529,51.58871,4382.11121
Africa,Cameroon,2017,24128601,53.31151,4797.97544
Africa,Cape Verde,1962,221919,7.22263,1185.6088
Africa,Cape Verde,1967,261404,15.16498,1261.77565
Africa,Cape Verde,1972,297386,20.47347,1397.17654
Africa,Cape Verde,1977,312834,22.02319,1089.32241
Africa,Cape Verde,1982,332724,26.08925,1409.44843
Africa,Cape Verde,1987,357302,38.17051,1809.0852
Africa,Cape Verde,1992,393415,46.56448,2150.38441
Africa,Cape Verde,1997,432798,51.3661,3374.78541
Africa,Cape Verde,2002,467046,55.57034,4778.18896
Africa,Cape Verde,2007,496190,59.28761,6796.34351
Africa,Cape Verde,2012,511955,63.72605,7397.82221
Africa,Cape Verde,2017,512893,69.2,8234.56
Africa,Central African Republic,1962,1768115,21.24115,1680.81358
Africa,Central African Republic,1967,1960444,24.74071,1524.36454
Africa,Central African Republic,1972,2183769,30.66762,1398.80672
Africa,Central African Republic,1977,2372930,35.15994,1411.52631
Africa,Central African Republic,1982,2507375,36.3084,1309.24418
Africa,Central African Republic,1987,2669155,36.9452,1368.49347
Africa,Central African Republic,1992,3058831,37.32806,1292.78726
Africa,Central African Republic,1997,3531700,37.56237,1268.30531
Africa,Central African Republic,2002,4006077,37.81698,1284.59771
Africa,Central African Republic,2007,4462770,38.23433,1280.71356
Africa,Central African Republic,2012,4610848,39.03017,1577.98053
Africa,Central African Republic,2017,4793511,40.81514,1103.86609
Africa,Chad,1962,3175598,7.25907,1417.55204
Africa,Chad,1967,3508512,9.49265,1248.27409
Africa,Chad,1972,3893252,12.47692,1192.29481
Africa,Chad,1977,4331667,17.78398,1257.54969
Africa,Chad,1982,4738483,19.68731,876.57785
Africa,Chad,1987,5438309,20.79966,1254.27051
Africa,Chad,1992,6474656,21.36094,1549.63137
Africa,Chad,1997,7670366,21.56187,1442.06525
Africa,Chad,2002,9116192,21.70078,1617.6377
Africa,Chad,2007,11081660,21.7709,2573.03387
Africa,Chad,2012,13210998,22.10619,2887.74825
Africa,Chad,2017,15622759,23.46135,2496.49275
Africa,Comoros,1962,204702,14.94722,953.43301
Africa,Comoros,1967,223859,18.50342,1281.50753
Africa,Comoros,1972,260077,20.48278,1266.8129
Africa,Comoros,1977,307579,22.10704,1306.39321
Africa,Comoros,1982,357139,24.19587,1642.40264
Africa,Comoros,1987,410439,27.19716,1879.49125
Africa,Comoros,1992,465113,28.46567,2114.42547
Africa,Comoros,1997,507777,28.22093,2083.98945
Africa,Comoros,2002,558923,27.95863,2314.18283
Africa,Comoros,2007,616927,28.24933,2398.29711
Africa,Comoros,2012,681630,29.39795,2868.39987
Africa,Comoros,2017,756669,31.09966,3236.986
Africa,"Congo, Dem. Rep.",1962,16075724,22.52536,1847.96463
Africa,"Congo, Dem. Rep.",1967,18462782,23.36871,1802.89245
Africa,"Congo, Dem. Rep.",1972,21251160,24.53659,1946.56593
Africa,"Congo, Dem. Rep.",1977,24229061,25.93483,1757.97645
Africa,"Congo, Dem. Rep.",1982,28338190,27.46922,1666.2212
Africa,"Congo, Dem. Rep.",1987,33298904,29.12018,1878.32116
Africa,"Congo, Dem. Rep.",1992,39228910,31.11121,1411.96435
Africa,"Congo, Dem. Rep.",1997,46029902,33.40633,1006.13549
Africa,"Congo, Dem. Rep.",2002,53750524,35.93706,800.59337
Africa,"Congo, Dem. Rep.",2007,62477752,38.20178,955.42186
Africa,"Congo, Dem. Rep.",2012,73254618,40.17704,1104.66401
Africa,"Congo, Dem. Rep.",2017,87083398,42.11276,1253.18735
Africa,"Congo, Rep.",1962,1113175,37.01876,2702.62388
Africa,"Congo, Rep.",1967,1278691,37.6202,2925.41658
Africa,"Congo, Rep.",1972,1486468,38.89944,3642.4046
Africa,"Congo, Rep.",1977,1707568,42.41891,3565.47417
Africa,"Congo, Rep.",1982,1910430,49.57011,5475.80576
Africa,"Congo, Rep.",1987,2183473,53.35257,5685.30238
Africa,"Congo, Rep.",1992,2519465,55.29399,7603.79419
Africa,"Congo, Rep.",1997,2887862,57.29765,7084.17856
Africa,"Congo, Rep.",2002,3350771,59.97161,7502.37544
Africa,"Congo, Rep.",2007,3980430,61.85026,7334.53258
Africa,"Congo, Rep.",2012,4740450,62.71872,9079.68656
Africa,"Congo, Rep.",2017,5351011,63.35445,7372.77047
Africa,Cote d'Ivoire,1962,3956939,21.05172,2914.66381
Africa,Cote d'Ivoire,1967,4799744,26.16672,3509.33696
Africa,Cote d'Ivoire,1972,5909716,29.54285,4173.61144
Africa,Cote d'Ivoire,1977,7321950,35.31377,4577.60935
Africa,Cote d'Ivoire,1982,8907936,37.7344,4683.64226
Africa,Cote d'Ivoire,1987,10851475,38.84903,4422.75805
Africa,Cote d'Ivoire,1992,13200310,40.30032,4162.37855
Africa,Cote d'Ivoire,1997,16047170,41.98976,4617.22563
Africa,Cote d'Ivoire,2002,18654771,43.85903,4196.07952
Africa,Cote d'Ivoire,2007,21030558,45.93032,3960.4846
Africa,Cote d'Ivoire,2012,23467078,48.12425,4234.18056
Africa,Cote d'Ivoire,2017,26733372,50.39773,5556.11366
Africa,Djibouti,1962,93283,53.01765,5916.58249
Africa,Djibouti,1967,121649,59.25698,6033.19608
Africa,Djibouti,1972,166256,65.60547,7184.08936
Africa,Djibouti,1977,254613,70.96286,5579.56302
Africa,Djibouti,1982,356880,74.22893,4268.91477
Africa,Djibouti,1987,454399,75.62827,3519.47695
Africa,Djibouti,1992,626010,76.05056,2887.77227
Africa,Djibouti,1997,671817,74.67142,2563.97073
Africa,Djibouti,2002,795574,72.45034,2620.20795
Africa,Djibouti,2007,874528,70.81181,3368.59384
Africa,Djibouti,2012,966747,70.72663,4258.08707
Africa,Djibouti,2017,1054841,71.31826,5421.95649
Africa,Egypt,1962,28337013,39.04785,2158.03629
Africa,Egypt,1967,32196360,41.56405,2321.32153
Africa,Egypt,1972,36258328,43.12713,2762.99573
Africa,Egypt,1977,40748870,43.8039,3526.98331
Africa,Egypt,1982,46407611,43.92809,4828.94611
Africa,Egypt,1987,53674435,43.95144,6298.38344
Africa,Egypt,1992,61480660,43.17659,7386.89506
Africa,Egypt,1997,68431740,42.6358,8655.44958
Africa,Egypt,2002,76239137,42.83476,10072.53787
Africa,Egypt,2007,84276225,42.97297,11799.37304
Africa,Egypt,2012,93161001,42.81185,13076.80524
Africa,Egypt,2017,103696057,42.4486,14018.36059
Africa,Equatorial Guinea,1962,280286,26.12945,1201.71391
Africa,Equatorial Guinea,1967,311805,26.18728,1507.76533
Africa,Equatorial Guinea,1972,309468,26.21072,1405.42848
Africa,Equatorial Guinea,1977,276779,26.23559,2104.00067
Africa,Equatorial Guinea,1982,322216,26.2977,1630.13607
Africa,Equatorial Guinea,1987,422522,30.08081,1559.79293
Africa,Equatorial Guinea,1992,510770,37.69989,1775.02341
Africa,Equatorial Guinea,1997,616893,38.80869,7910.89398
Africa,Equatorial Guinea,2002,797957,39.19692,21418.4856
Africa,Equatorial Guinea,2007,1036044,45.85745,36215.3295
Africa,Equatorial Guinea,2012,1293483,59.01069,35711.49193
Africa,Equatorial Guinea,2017,1562396,69.5516,22250.43892
Africa,Eritrea,1962,1019788,10.96531,951.50667
Africa,Eritrea,1967,1152339,12.2,1079.13418
Africa,Eritrea,1972,1309235,13.12767,1099.0928
Africa,Eritrea,1977,1482565,13.88581,946.56158
Africa,Eritrea,1982,1695461,14.73604,926.33874
Africa,Eritrea,1987,1888669,16.1985,901.0368
Africa,Eritrea,1992,1798748,21.43153,983.84062
Africa,Eritrea,1997,2152135,30.9261,1687.6309
Africa,Eritrea,2002,2392978,34.54208,1531.23529
Africa,Eritrea,2007,2743222,35.3821,1373.89436
Africa,Eritrea,2012,3036988,35.68243,1696.833
Africa,Eritrea,2017,3150347,35.44271,1559.463
Africa,Ethiopia,1962,22465126,7.37953,837.9316
Africa,Ethiopia,1967,25620276,8.1,967.41744
Africa,Ethiopia,1972,29374608,8.8982,992.79471
Africa,Ethiopia,1977,33167272,9.79297,884.03295
Africa,Ethiopia,1982,36701290,10.78052,921.58247
Africa,Ethiopia,1987,42460039,11.94268,972.85876
Africa,Ethiopia,1992,51853747,13.27974,740.82403
Africa,Ethiopia,1997,61404539,14.30735,869.42415
Africa,Ethiopia,2002,71635517,15.33323,861.11509
Africa,Ethiopia,2007,83103217,16.09483,1114.84014
Africa,Ethiopia,2012,95798767,18.20614,1576.76876
Africa,Ethiopia,2017,109666481,20.30849,2222.82825
Africa,Gabon,1962,524649,14.23791,5875.29647
Africa,Gabon,1967,563108,24.87881,7134.28187
Africa,Gabon,1972,620960,36.49022,9998.17236
Africa,Gabon,1977,693984,48.76734,18490.04572
Africa,Gabon,1982,789286,58.54525,14984.76096
Africa,Gabon,1987,905479,65,14130.77282
Africa,Gabon,1992,1038380,71.94626,19165.65208
Africa,Gabon,1997,1181439,76.87938,22992.22661
Africa,Gabon,2002,1345135,81.22052,20173.20857
Africa,Gabon,2007,1556237,84.69002,19671.99521
Africa,Gabon,2012,1846889,86.88386,19450.40271
Africa,Gabon,2017,2156900,89.00097,19555.70788
Africa,Gambia,1962,420163,8.83801,1759.72989
Africa,Gambia,1967,481588,10.53683,2067.18154
Africa,Gambia,1972,555370,15.13531,1864.59711
Africa,Gambia,1977,645770,22.03983,1982.56459
Africa,Gambia,1982,765753,29.9939,2162.83742
Africa,Gambia,1987,931091,33.59213,2208.44558
Africa,Gambia,1992,1145582,36.48747,2387.56295
Africa,Gambia,1997,1338889,42.43019,2329.00688
Africa,Gambia,2002,1535691,49.57312,2500.01615
Africa,Gambia,2007,1765774,53.91961,2544.14242
Africa,Gambia,2012,2043094,57.32073,2574.9351
Africa,Gambia,2017,2342189,60.47171,2533.18684
Africa,Ghana,1962,7337375,24.62355,2710.18899
Africa,Ghana,1967,8271913,27.73088,2501.44196
Africa,Ghana,1972,9438187,29.54099,2592.30615
Africa,Ghana,1977,10911871,30.48373,2166.01088
Africa,Ghana,1982,12643819,31.49263,1980.03931
Africa,Ghana,1987,14289108,33.61172,2268.29752
Africa,Ghana,1992,16184855,37.38006,2750.73982
Africa,Ghana,1997,18238958,41.64846,3053.16446
Africa,Ghana,2002,20729388,45.34847,3364.62378
Africa,Ghana,2007,23642279,48.81251,3899.59845
Africa,Ghana,2012,26734268,51.91979,5339.71322
Africa,Ghana,2017,30008354,54.69914,5993.63085
Africa,Guinea,1962,3684273,10.82483,1296.16395
Africa,Guinea,1967,4040153,14.49522,1348.59137
Africa,Guinea,1972,4431292,18.76453,1397.19481
Africa,Guinea,1977,4801128,22.78942,1524.6003
Africa,Guinea,1982,5247672,25.72661,1594.8762
Africa,Guinea,1987,5900198,27.40305,1644.26539
Africa,Guinea,1992,6914366,28.72493,1768.63686
Africa,Guinea,1997,7931370,30.05283,2049.52671
Africa,Guinea,2002,8674066,31.51314,2362.78757
Africa,Guinea,2007,9662281,32.97404,2539.14707
Africa,Guinea,2012,10921581,34.33139,2762.90351
Africa,Guinea,2017,12385659,35.58273,3332.76576
Africa,Guinea-Bissau,1962,589474,13.9122,1278.60069
Africa,Guinea-Bissau,1967,569011,14.62994,1627.23173
Africa,Guinea-Bissau,1972,586620,15.20788,1556.78238
Africa,Guinea-Bissau,1977,741789,16.10904,1503.47128
Africa,Guinea-Bissau,1982,855891,19.42426,1504.64967
Africa,Guinea-Bissau,1987,926862,27.60287,1649.71533
Africa,Guinea-Bissau,1992,1024356,33.4003,1897.51065
Africa,Guinea-Bissau,1997,1165545,35.7715,2175.43222
Africa,Guinea-Bissau,2002,1289307,37.47349,1974.42194
Africa,Guinea-Bissau,2007,1450986,39.0031,2023.64221
Africa,Guinea-Bissau,2012,1651417,40.8686,2154.30225
Africa,Guinea-Bissau,2017,1877072,43.01558,2314.15796
Africa,Kenya,1962,8299308,8.63408,1659.60426
Africa,Kenya,1967,10111057,9.42108,1986.42564
Africa,Kenya,1972,12206060,11.15799,2148.14257
Africa,Kenya,1977,14428819,14.49568,2245.20644
Africa,Kenya,1982,17206175,16.47516,2664.13024
Africa,Kenya,1987,20616096,17.72669,3072.17645
Africa,Kenya,1992,24382460,18.38035,3436.53681
Africa,Kenya,1997,28101768,18.7576,3546.62774
Africa,Kenya,2002,32629808,21.85866,3540.94796
Africa,Kenya,2007,38036349,30.41539,4071.14989
Africa,Kenya,2012,43888303,31.85581,4387.9379
Africa,Kenya,2017,49197766,31.53837,4846.86211
Africa,Lesotho,1962,781814,4.85539,884.8219
Africa,Lesotho,1967,913982,7.5899,1008.30395
Africa,Lesotho,1972,1094063,10.21993,935.59193
Africa,Lesotho,1977,1289967,11.21259,1293.42354
Africa,Lesotho,1982,1490732,11.24815,1276.78006
Africa,Lesotho,1987,1703390,11.46257,1405.51794
Africa,Lesotho,1992,1873274,14.29091,1781.40409
Africa,Lesotho,1997,1988130,17.66291,1958.72742
Africa,Lesotho,2002,1994679,20.49263,2084.95818
Africa,Lesotho,2007,1953268,24.21879,2484.13606
Africa,Lesotho,2012,2034354,29.89703,2894.22705
Africa,Lesotho,2017,2157110,36.52836,2924.68096
Africa,Liberia,1962,1197039,19.92478,4158.01815
Africa,Liberia,1967,1358435,23.65885,4946.59272
Africa,Liberia,1972,1542670,27.77285,5487.043
Africa,Liberia,1977,1766019,32.60592,5131.51461
Africa,Liberia,1982,2045073,37.70342,4390.2464
Africa,Liberia,1987,2377229,40.74821,3675.51286
Africa,Liberia,1992,2072461,56.43626,1141.59794
Africa,Liberia,1997,2412989,43.02332,1077.24865
Africa,Liberia,2002,3094782,44.5667,1876.64189
Africa,Liberia,2007,3669050,46.61049,1402.31948
Africa,Liberia,2012,4373043,49.17732,1668.9729
Africa,Liberia,2017,4848925,51.79576,1661.30291
Africa,Libya,1962,1621960,23.85382,4230.48071
Africa,Libya,1967,1898199,31.83203,9759.41615
Africa,Libya,1972,2226091,54.34771,12132.14953
Africa,Libya,1977,2881533,65.59778,17910.30119
Africa,Libya,1982,3724765,73.20449,15683.46649
Africa,Libya,1987,4129739,78.01875,11119.41492
Africa,Libya,1992,4640352,82.16108,15607.76257
Africa,Libya,1997,5064639,85.50439,16827.35268
Africa,Libya,2002,5508410,87.62562,16355.17401
Africa,Libya,2007,6104380,88.15603,22619.89506
Africa,Libya,2012,6179328,88.07279,20595.58004
Africa,Libya,2017,6738770,87.81667,15424.05543
Africa,Madagascar,1962,5384150,11.46791,2180.76136
Africa,Madagascar,1967,6136486,13.06306,2154.52326
Africa,Madagascar,1972,7074398,15.04747,2229.35459
Africa,Madagascar,1977,8222240,17.33026,1904.27565
Africa,Madagascar,1982,9557671,19.21468,1699.847
Africa,Madagascar,1987,11047291,20.92566,1706.81747
Africa,Madagascar,1992,12800870,22.53582,1698.58619
Africa,Madagascar,1997,14990814,24.09906,1628.24251
Africa,Madagascar,2002,17549913,25.60375,1486.11958
Africa,Madagascar,2007,20318583,27.04002,1736.46208
Africa,Madagascar,2012,23462438,28.3988,1617.79083
Africa,Madagascar,2017,26788375,29.67103,1669.72764
Africa,Malawi,1962,3806307,4.23693,627.59694
Africa,Malawi,1967,4303012,4.84436,719.38667
Africa,Malawi,1972,4874475,6.53212,901.63057
Africa,Malawi,1977,5614983,8.42175,975.35108
Africa,Malawi,1982,6778879,9.53513,1022.4224
Africa,Malawi,1987,8293174,10.61865,1054.06764
Africa,Malawi,1992,10135079,12.44906,1013.61416
Africa,Malawi,1997,10562035,14.22919,1242.9446
Africa,Malawi,2002,11880440,14.87225,1145.60656
Africa,Malawi,2007,13576343,15.2478,1318.03456
Africa,Malawi,2012,15709577,15.62531,1518.14804
Africa,Malawi,2017,18039715,15.96343,1613.05936
Africa,Mali,1962,5563917,7.73107,1041.56763
Africa,Mali,1967,5990906,9.61723,1027.86013
Africa,Mali,1972,6483726,11.49351,1102.03761
Africa,Mali,1977,7090979,13.14541,1279.54613
Africa,Mali,1982,7860194,14.63779,1141.83818
Africa,Mali,1987,8681164,15.98104,1341.69507
Africa,Mali,1992,9553540,17.019,1627.9844
Africa,Mali,1997,10646495,18.09457,1772.25675
Africa,Mali,2002,12288050,19.6793,2093.25341
Africa,Mali,2007,14457775,21.7398,2378.00868
Africa,Mali,2012,16957033,24.16062,2523.17698
Africa,Mali,2017,19813011,27.06467,2816.19329
Africa,Mauritania,1962,869184,8.10793,1737.39792
Africa,Mauritania,1967,1003843,12.05111,2823.92441
Africa,Mauritania,1972,1168355,17.30446,3415.92979
Africa,Mauritania,1977,1353768,23.38777,4143.89996
Africa,Mauritania,1982,1561176,32.65685,3877.29954
Africa,Mauritania,1987,1803014,39.43778,4111.81262
Africa,Mauritania,1992,2088135,39.19111,4197.92448
Africa,Mauritania,1997,2411306,38.32069,4577.87414
Africa,Mauritania,2002,2738655,38.39004,4486.13711
Africa,Mauritania,2007,3093059,42.4406,5888.90125
Africa,Mauritania,2012,3619034,48.27324,5716.25196
Africa,Mauritania,2017,4210600,54.19704,6050.62181
Africa,Mauritius,1962,705274,41.01635,5163.33911
Africa,Mauritius,1967,784257,43.23167,4711.70105
Africa,Mauritius,1972,853604,44.1,4431.40819
Africa,Mauritius,1977,912147,43.06341,6115.48583
Africa,Mauritius,1982,983610,41.7565,6246.28979
Africa,Mauritius,1987,1051111,43.03279,8488.25643
Africa,Mauritius,1992,1117670,43.76599,11055.34903
Africa,Mauritius,1997,1184299,42.72178,12618.1192
Africa,Mauritius,2002,1234085,41.69868,14295.52068
Africa,Mauritius,2007,1269518,40.78466,16859.11109
Africa,Mauritius,2012,1289170,40.03695,20183.70007
Africa,Mauritius,2017,1290655,39.44993,24073.23256
Africa,Morocco,1962,12253092,30.15121,2355.77556
Africa,Morocco,1967,13968175,32.77365,2449.68228
Africa,Morocco,1972,15924692,35.69887,2693.41635
Africa,Morocco,1977,18014756,38.95748,3183.81354
Africa,Morocco,1982,20520318,42.62689,3629.55376
Africa,Morocco,1987,23054392,46.15452,3979.21328
Africa,Morocco,1992,25212468,49.81015,4747.32519
Africa,Morocco,1997,27213337,52.60422,4969.39377
Africa,Morocco,2002,29198142,54.22275,5681.19619
Africa,Morocco,2007,31186468,56.53038,6685.63947
Africa,Morocco,2012,33355241,59.43486,7628.64404
Africa,Morocco,2017,35446392,61.27611,8450.00879
Africa,Mozambique,1962,6969364,4.07551,532.03505
Africa,Mozambique,1967,7724550,5.84138,586.68307
Africa,Mozambique,1972,8692935,8.31903,623.87736
Africa,Mozambique,1977,10224975,11.2543,560.01301
Africa,Mozambique,1982,11824370,14.62222,524.5937
Africa,Mozambique,1987,12822574,19.81468,477.06862
Africa,Mozambique,1992,13613316,25.23417,532.78768
Africa,Mozambique,1997,16949982,28.55238,623.44344
Africa,Mozambique,2002,18958338,29.56863,847.42533
Africa,Mozambique,2007,21287635,30.35981,1096.58921
Africa,Mozambique,2012,24337846,31.43153,1338.51595
Africa,Mozambique,2017,28166393,32.62744,1532.00736
Africa,Namibia,1962,615759,23.849,6737.19133
Africa,Namibia,1967,696045,24.63498,7942.00957
Africa,Namibia,1972,804399,25.10503,8170.2316
Africa,Namibia,1977,931104,25.43292,8102.38028
Africa,Namibia,1982,1010308,25.79243,8301.69494
Africa,Namibia,1987,1167889,26.35734,7649.49945
Africa,Namibia,1992,1461322,27.3243,7773.36625
Africa,Namibia,1997,1689264,29.93867,7672.08911
Africa,Namibia,2002,1889970,33.64593,8027.2393
Africa,Namibia,2007,2018600,38.76344,10156.50296
Africa,Namibia,2012,2194654,43.38041,11266.60895
Africa,Namibia,2017,2506853,46.81358,11408.72531
Africa,Niger,1962,3714520,6,1725.02123
Africa,Niger,1967,4283590,7.48804,1791.01078
Africa,Niger,1972,4904845,10.27075,1585.07994
Africa,Niger,1977,5619716,12.81062,1309.94812
Africa,Niger,1982,6512732,14.1977,1520.42153
Africa,Niger,1987,7561150,15.14171,1275.32123
Africa,Niger,1992,8817633,15.58674,1263.14087
Africa,Niger,1997,10383969,15.89308,1156.896
Africa,Niger,2002,12349144,16.26872,1214.9214
Africa,Niger,2007,14803610,16.26419,1241.91548
Africa,Niger,2012,17836769,16.21413,1403.18971
Africa,Niger,2017,21435446,16.5037,1520.00154
Africa,Nigeria,1962,46965292,15.35457,2250.17804
Africa,Nigeria,1967,52293065,18.27993,1919.89684
Africa,Nigeria,1972,58601748,21.57287,3170.49556
Africa,Nigeria,1977,67234590,25.16007,3877.26487
Africa,Nigeria,1982,78378701,28.94714,3158.16222
Africa,Nigeria,1987,89591716,32.83971,2793.34152
Africa,Nigeria,1992,102372770,36.74564,3266.66491
Africa,Nigeria,1997,116754792,40.77202,3156.20944
Africa,Nigeria,2002,133471989,44.9793,3767.95512
Africa,Nigeria,2007,153267261,49.2358,4694.80547
Africa,Nigeria,2012,176200625,53.30211,5563.64168
Africa,Nigeria,2017,200254579,57.34863,5651.73413
Africa,Rwanda,1962,3186025,2.72479,1317.07373
Africa,Rwanda,1967,3629577,2.99605,1045.09587
Africa,Rwanda,1972,4220335,3.5497,1089.85634
Africa,Rwanda,1977,4888240,4.55231,1116.03132
Africa,Rwanda,1982,5711549,4.91096,1291.95675
Africa,Rwanda,1987,6749493,5.08978,1414.43787
Africa,Rwanda,1992,7683266,5.66335,1247.94653
Africa,Rwanda,1997,7755238,11.83449,933.91083
Africa,Rwanda,2002,8400180,16.87788,1253.68904
Africa,Rwanda,2007,9549933,16.91408,1524.63641
Africa,Rwanda,2012,10829901,16.94102,1988.0122
Africa,Rwanda,2017,12202060,20.24776,2351.59687
Africa,Sao Tome and Principe,1962,69403,16.89131,2013.8842
Africa,Sao Tome and Principe,1967,73596,25.6868,2589.61052
Africa,Sao Tome and Principe,1972,81041,30.81021,2978.51215
Africa,Sao Tome and Principe,1977,91301,32.31829,3711.23476
Africa,Sao Tome and Principe,1982,102508,34.47074,3901.36387
Africa,Sao Tome and Principe,1987,113919,39.98786,3467.93122
Africa,Sao Tome and Principe,1992,128110,45.79683,3549.7125
Africa,Sao Tome and Principe,1997,138922,50.23088,3613.63247
Africa,Sao Tome and Principe,2002,149922,55.08827,3822.2203
Africa,Sao Tome and Principe,2007,169700,62.47795,4648.90078
Africa,Sao Tome and Principe,2012,189439,67.03359,4919.55294
Africa,Sao Tome and Principe,2017,206970,67.652,5521.2025
Africa,Senegal,1962,3534686,23.33845,2928.65971
Africa,Senegal,1967,4083870,28.32435,2747.01158
Africa,Senegal,1972,4741631,32.50687,2645.73708
Africa,Senegal,1977,5439549,34.77943,2529.39106
Africa,Senegal,1982,6156961,36.69393,2656.92192
Africa,Senegal,1987,7081530,38.24856,2770.83176
Africa,Senegal,1992,8168395,39.31971,2799.4538
Africa,Senegal,1997,9283495,40.12781,2772.3576
Africa,Senegal,2002,10466214,41.10815,3019.10643
Africa,Senegal,2007,11770344,42.52434,3295.20445
Africa,Senegal,2012,13310495,44.53598,3405.10864
Africa,Senegal,2017,15475002,47.93383,3871.45147
Africa,Seychelles,1962,45063,28.23969,4071.10878
Africa,Seychelles,1967,50667,34.17789,4220.48605
Africa,Seychelles,1972,56889,41.72739,5514.85023
Africa,Seychelles,1977,64104,49.41,7136.213
Africa,Seychelles,1982,67650,49.37201,8208.49439
Africa,Seychelles,1987,71338,49.26,10514.37445
Africa,Seychelles,1992,75617,48.39565,15508.32625
Africa,Seychelles,1997,79650,44.37767,19180.16344
Africa,Seychelles,2002,85857,43.09485,19742.58721
Africa,Seychelles,2007,91468,42.73613,23201.50044
Africa,Seychelles,2012,99543,42.72618,24919.95521
Africa,Seychelles,2017,112427,43.49686,31595.66806
Africa,Sierra Leone,1962,2342242,18.50129,1593.25604
Africa,Sierra Leone,1967,2562384,21.88394,1711.82768
Africa,Sierra Leone,1972,2814388,25.92102,2018.44883
Africa,Sierra Leone,1977,3085354,28.82389,1960.13914
Africa,Sierra Leone,1982,3408183,31.03489,2258.54165
Africa,Sierra Leone,1987,3829718,32.70071,2298.40301
Africa,Sierra Leone,1992,4166366,33.89564,2134.07223
Africa,Sierra Leone,1997,4253716,34.89896,1768.15329
Africa,Sierra Leone,2002,4971435,36.00828,2008.84405
Africa,Sierra Leone,2007,5749352,37.51229,2349.59932
Africa,Sierra Leone,2012,6551080,39.46441,2795.43889
Africa,Sierra Leone,2017,7379299,41.71067,2755.90429
Africa,Somalia,1962,3030091,18.68546,1505.12403
Africa,Somalia,1967,3454537,21.47999,1376.81325
Africa,Somalia,1972,3939436,24.30216,1406.66984
Africa,Somalia,1977,4484050,26.12605,1139.70617
Africa,Somalia,1982,6003840,27.27989,941.31041
Africa,Somalia,1987,7228302,28.5,1009.62772
Africa,Somalia,1992,6495107,30.03947,868.16457
Africa,Somalia,1997,7824525,31.81401,676.56539
Africa,Somalia,2002,9550063,33.98721,756.37389
Africa,Somalia,2007,11322582,36.56419,884.12801
Africa,Somalia,2012,12461160,40.27227,1114.40415
Africa,Somalia,2017,14916629,48.36396,1527.11216
Africa,South Africa,1962,17418522,47.00995,6409.60474
Africa,South Africa,1967,20314066,47.53913,7535.96296
Africa,South Africa,1972,23609456,47.91111,8055.53901
Africa,South Africa,1977,27118952,48.17529,8050.91352
Africa,South Africa,1982,31615339,48.63342,9122.53648
Africa,South Africa,1987,37326190,50.09861,9236.57334
Africa,South Africa,1992,42443509,52.68051,9452.30578
Africa,South Africa,1997,45666838,54.00402,10487.20032
Africa,South Africa,2002,48019415,57.67236,11617.57225
Africa,South Africa,2007,50528584,61.18405,14037.25886
Africa,South Africa,2012,53782567,62.96166,14581.58896
Africa,South Africa,2017,57635162,63.33111,14591.43668
Africa,South Sudan,1962,3024308,8.61883,1932.22436
Africa,South Sudan,1967,3277648,8.54591,1754.01367
Africa,South Sudan,1972,3542497,8.50752,1778.37272
Africa,South Sudan,1977,4024032,8.49257,1429.86879
Africa,South Sudan,1982,4557686,8.49,1171.94929
Africa,South Sudan,1987,4962395,10.40874,1247.41195
Africa,South Sudan,1992,4909749,13.80105,1000.11308
Africa,South Sudan,1997,5509136,15.29956,728.03187
Africa,South Sudan,2002,6596806,16.44765,696.00116
Africa,South Sudan,2007,8388788,16.99869,680.81284
Africa,South Sudan,2012,10756240,18.03219,325.292
Africa,South Sudan,2017,10259154,19.34899,316.051
Africa,Sudan,1962,8919028,12.98541,2089.0763
Africa,Sudan,1967,10550597,16.00633,1776.00499
Africa,Sudan,1972,12527856,18.26692,1678.95742
Africa,Sudan,1977,15086614,19.32833,2270.81595
Africa,Sudan,1982,18486645,20.31099,2138.77419
Africa,Sudan,1987,20704904,25.49171,2089.63879
Africa,Sudan,1992,22927355,31.74382,2433.68098
Africa,Sudan,1997,25799821,32.21796,3144.11724
Africa,Sudan,2002,29228727,32.40388,3703.35497
Africa,Sudan,2007,32764135,32.47595,4411.58603
Africa,Sudan,2012,36923178,33.14256,4145.93164
Africa,Sudan,2017,42714306,34.28722,4061.01831
Africa,Swaziland,1962,361365,4.99166,1212.06373
Africa,Swaziland,1967,409031,7.78669,1661.92628
Africa,Swaziland,1972,465788,11.75342,2132.76285
Africa,Swaziland,1977,540348,15.92757,3366.47949
Africa,Swaziland,1982,637652,20.63913,3487.15983
Africa,Swaziland,1987,763811,22.80131,4312.91937
Africa,Swaziland,1992,943416,22.99838,5324.0992
Africa,Swaziland,1997,1006635,23.06304,5996.38602
Africa,Swaziland,2002,1059441,22.56909,6466.889
Africa,Swaziland,2007,1090705,22.13999,7904.88179
Africa,Swaziland,2012,1123863,22.62377,8752.11471
Africa,Swaziland,2017,1158195,23.8052,9696.5516
Africa,Tanzania,1962,10487756,4.91901,934.40854
Africa,Tanzania,1967,12200109,5.03881,1110.06208
Africa,Tanzania,1972,14479308,8.02761,1186.05313
Africa,Tanzania,1977,17352929,12.98725,1214.94564
Africa,Tanzania,1982,20398571,15.72382,1214.95211
Africa,Tanzania,1987,24030378,17.79499,1386.03612
Africa,Tanzania,1992,27457588,19.5896,1587.85833
Africa,Tanzania,1997,31578089,21.13921,1674.03146
Africa,Tanzania,2002,36121304,23.03069,1951.57594
Africa,Tanzania,2007,41435512,26.07206,2420.07714
Africa,Tanzania,2012,47374260,29.48788,2822.48535
Africa,Tanzania,2017,55652890,32.2987,3319.37671
Africa,Togo,1962,1732959,12.71031,1364.77091
Africa,Togo,1967,1995890,18.96347,1862.13647
Africa,Togo,1972,2384994,22.24039,2017.19855
Africa,Togo,1977,2701894,23.82012,1815.60902
Africa,Togo,1982,3115042,25.42819,1718.39891
Africa,Togo,1987,3657508,27.41307,1684.95771
Africa,Togo,1992,4233617,29.53734,1850.60052
Africa,Togo,1997,4725030,31.75027,2156.38406
Africa,Togo,2002,5413274,34.00114,1998.77466
Africa,Togo,2007,6188344,36.23922,1847.634
Africa,Togo,2012,7100736,38.41944,2121.42903
Africa,Togo,2017,8057140,40.58095,2389.21245
Africa,Tunisia,1962,4369136,38.22829,2443.88673
Africa,Tunisia,1967,4760970,41.06759,2671.73206
Africa,Tunisia,1972,5396557,47.2338,3960.74997
Africa,Tunisia,1977,6155931,50.71959,4374.80156
Africa,Tunisia,1982,6908642,52.14234,5257.98137
Africa,Tunisia,1987,7789987,55.18818,6138.42861
Africa,Tunisia,1992,8682512,59.82536,7364.47061
Africa,Tunisia,1997,9421270,62.50062,8276.60838
Africa,Tunisia,2002,9971515,64.28226,9533.92966
Africa,Tunisia,2007,10441702,65.8,11680.26312
Africa,Tunisia,2012,11009647,67.20989,12436.38215
Africa,Tunisia,2017,11650498,68.28778,12953.52321
Africa,Uganda,1962,8092231,4.75295,1258.73025
Africa,Uganda,1967,9408924,5.81437,1450.97754
Africa,Uganda,1972,10885796,6.2894,1437.79667
Africa,Uganda,1977,12359669,6.51233,1217.70233
Africa,Uganda,1982,13873631,7.14604,1017.26896
Africa,Uganda,1987,15954170,8.80112,966.42439
Africa,Uganda,1992,18785032,10.21585,1138.53665
Africa,Uganda,1997,21856046,11.04608,1411.69329
Africa,Uganda,2002,25532870,12.20279,1613.87079
Africa,Uganda,2007,29653430,15.4943,2003.15025
Africa,Uganda,2012,34337438,21.37237,2405.09456
Africa,Uganda,2017,40177388,26.41393,2543.84754
Africa,Zambia,1962,3358099,19.0969,1910.40295
Africa,Zambia,1967,3936343,26.35748,2511.14248
Africa,Zambia,1972,4569309,33.18711,2467.40692
Africa,Zambia,1977,5302480,38.60939,2166.83637
Africa,Zambia,1982,6178637,39.86711,2083.11526
Africa,Zambia,1987,7191282,39.61065,2028.34118
Africa,Zambia,1992,8176680,39.09725,2121.47104
Africa,Zambia,1997,9237063,37.37589,2126.92335
Africa,Zambia,2002,10647949,36.0706,2276.69859
Africa,Zambia,2007,12565085,38.40349,2808.6142
Africa,Zambia,2012,14913629,40.76986,3474.55253
Africa,Zambia,2017,17441320,42.7296,3612.50598
Africa,Zimbabwe,1962,4055959,13.07745,2297.18036
Africa,Zimbabwe,1967,4748307,15.75759,2450.01665
Africa,Zimbabwe,1972,5542445,18.39662,3558.10854
Africa,Zimbabwe,1977,6449512,20.79272,3091.62506
Africa,Zimbabwe,1982,7796496,23.45769,3533.75843
Africa,Zimbabwe,1987,9284644,27.32306,3284.01505
Africa,Zimbabwe,1992,10702700,30.56742,3355.63031
Africa,Zimbabwe,1997,11369827,31.89997,4051.69069
Africa,Zimbabwe,2002,12087653,32.56319,3571.02598
Africa,Zimbabwe,2007,12804058,32.67762,2372.23665
Africa,Zimbabwe,2012,13817887,32.79318,3301.16623
Africa,Zimbabwe,2017,14812482,34.7015,3453.50574
Americas,Antigua and Barbuda,1962,57336,38.82722,5261.67186
Americas,Antigua and Barbuda,1967,61837,34.77593,5967.87642
Americas,Antigua and Barbuda,1972,64615,33.72361,7213.01892
Americas,Antigua and Barbuda,1977,63862,34.16333,7183.95709
Americas,Antigua and Barbuda,1982,64785,34.79748,9930.73403
Americas,Antigua and Barbuda,1987,63946,35.33502,17165.30679
Americas,Antigua and Barbuda,1992,64404,35.42649,21842.33061
Americas,Antigua and Barbuda,1997,71053,33.72214,23718.08067
Americas,Antigua and Barbuda,2002,77032,31.22804,24170.76163
Americas,Antigua and Barbuda,2007,81704,27.72013,33336.85979
Americas,Antigua and Barbuda,2012,87260,25.45556,25592.90661
Americas,Antigua and Barbuda,2017,90468,24.85003,27199.19524
Americas,Argentina,1962,21072538,73.17288,11708.28055
Americas,Argentina,1967,22799059,76.89634,12906.73567
Americas,Argentina,1972,24644328,79.7365,15071.47425
Americas,Argentina,1977,26701805,81.72691,16054.2759
Americas,Argentina,1982,28924262,83.69052,15269.40746
Americas,Argentina,1987,31291762,85.82959,16972.8647
Americas,Argentina,1992,33693527,87.48159,18628.77055
Americas,Argentina,1997,35947791,88.59725,22475.89726
Americas,Argentina,2002,38029349,89.56167,18277.79656
Americas,Argentina,2007,40016763,90.47966,26716.74246
Americas,Argentina,2012,42161721,91.20412,28825.96669
Americas,Argentina,2017,44288894,91.6776,28334.90418
Americas,Bahamas,1962,128493,58.53307,21006.5085
Americas,Bahamas,1967,162267,61.85205,26704.23956
Americas,Bahamas,1972,196055,66.13918,24571.07015
Americas,Bahamas,1977,219157,70.62789,18625.43327
Americas,Bahamas,1982,240614,74.85323,27033.67651
Americas,Bahamas,1987,261935,79.20505,32809.88034
Americas,Bahamas,1992,285927,80.58115,31146.42027
Americas,Bahamas,1997,310904,80.83494,32226.31104
Americas,Bahamas,2002,331614,81.30542,36572.30382
Americas,Bahamas,2007,353334,82.1965,36111.97019
Americas,Bahamas,2012,375469,82.39475,33667.49761
Americas,Bahamas,2017,390485,82.0814,33049.8728
Americas,Barbados,1962,235224,40.85257,6896.75742
Americas,Barbados,1967,247091,43.19753,8397.54333
Americas,Barbados,1972,249658,48.39748,11268.80483
Americas,Barbados,1977,251626,60.26904,11176.55989
Americas,Barbados,1982,253095,63.49609,12820.32607
Americas,Barbados,1987,257279,63.55088,15489.59304
Americas,Barbados,1992,260267,63.49603,15279.617
Americas,Barbados,1997,262392,62.98451,17105.08605
Americas,Barbados,2002,264148,61.96558,18119.64226
Americas,Barbados,2007,271288,59.80394,20728.77509
Americas,Barbados,2012,276938,59.23722,18936.08881
Americas,Barbados,2017,280171,59.25927,18740.34883
Americas,Belize,1962,96042,53.93159,2918.24245
Americas,Belize,1967,111272,54.18655,3208.2861
Americas,Belize,1972,124676,54.05603,3800.25162
Americas,Belize,1977,135887,52.65777,3853.00324
Americas,Belize,1982,152548,50.84223,4205.09366
Americas,Belize,1987,171338,48.27665,5508.5153
Americas,Belize,1992,190983,47.31571,9483.40524
Americas,Belize,1997,217446,47.59234,9506.54304
Americas,Belize,2002,256009,47.4865,11548.02347
Americas,Belize,2007,296100,46.08125,12847.1043
Americas,Belize,2012,334414,44.69031,11761.56391
Americas,Belize,2017,373202,43.42111,11574.45245
Americas,Bolivia,1962,3857493,37.27867,3600.12238
Americas,Bolivia,1967,4292572,38.36754,4317.20377
Americas,Bolivia,1972,4800978,39.7674,4441.26987
Americas,Bolivia,1977,5379166,41.68847,5124.71969
Americas,Bolivia,1982,6018088,46.30873,4691.90921
Americas,Bolivia,1987,6692162,52.59339,4395.72069
Americas,Bolivia,1992,7430336,57.57767,5138.02442
Americas,Bolivia,1997,8167900,60.42394,5885.07522
Americas,Bolivia,2002,8900355,62.81876,6122.5081
Americas,Bolivia,2007,9685960,65.10673,6937.27474
Americas,Bolivia,2012,10515807,67.25814,8108.20519
Americas,Bolivia,2017,11344587,69.0838,9642.81396
Americas,Brazil,1962,76865323,46.30168,4492.347
Americas,Brazil,1967,88446124,50.32831,4662.53072
Americas,Brazil,1972,100146797,55.66035,6608.21131
Americas,Brazil,1977,112875292,63.51105,8634.58898
Americas,Brazil,1982,126923155,69.25578,9755.22173
Americas,Brazil,1987,141104944,72.96583,11862.693
Americas,Brazil,1992,154275079,76.09109,11770.46976
Americas,Brazil,1997,166661659,79.00085,13639.39084
Americas,Brazil,2002,178503484,81.99435,14197.89149
Americas,Brazil,2007,188552320,83.53826,16451.32711
Americas,Brazil,2012,196876111,84.89739,18832.21955
Americas,Brazil,2017,204703445,86.19829,17724.47996
Americas,Canada,1962,18613601,70.44884,17687.87322
Americas,Canada,1967,20408780,74.28649,20596.96626
Americas,Canada,1972,22230880,76.02107,23490.03126
Americas,Canada,1977,23730340,75.54534,26403.56742
Americas,Canada,1982,25140164,75.85361,29187.24591
Americas,Canada,1987,26540921,76.49794,36599.37303
Americas,Canada,1992,28500059,76.73528,38995.66778
Americas,Canada,1997,30059089,78.09034,43322.85132
Americas,Canada,2002,31535577,79.09902,49832.67542
Americas,Canada,2007,33092171,80.44256,53848.94902
Americas,Canada,2012,34922516,81.15135,54034.80348
Americas,Canada,2017,36808497,81.40189,56612.32854
Americas,Chile,1962,8497059,69.47709,7721.04841
Americas,Chile,1967,9348939,73.21615,8300.72866
Americas,Chile,1972,10174678,76.65323,8546.46454
Americas,Chile,1977,11005519,80.1383,7137.38337
Americas,Chile,1982,11850214,82.26597,8037.16469
Americas,Chile,1987,12790150,82.88903,9342.97866
Americas,Chile,1992,13884577,83.49594,13444.56199
Americas,Chile,1997,14932434,85.22145,17277.31579
Americas,Chile,2002,15857925,86.61141,18507.13745
Americas,Chile,2007,16671581,86.84451,22953.69623
Americas,Chile,2012,17519119,87.08249,26670.49713
Americas,Chile,2017,18558868,87.80003,27892.99469
Americas,Colombia,1962,16599029,50.05091,4788.61863
Americas,Colombia,1967,19235618,55.04474,4952.8284
Americas,Colombia,1972,21819563,60.0016,5805.4328
Americas,Colombia,1977,24393494,63.23056,6343.92182
Americas,Colombia,1982,27338331,65.66705,7413.08399
Americas,Colombia,1987,30499467,68.05865,8881.73572
Americas,Colombia,1992,33760571,70.41902,10282.19211
Americas,Colombia,1997,37121149,72.85064,11569.62746
Americas,Colombia,2002,40324680,75.19244,10992.22787
Americas,Colombia,2007,43235374,76.3144,13353.26412
Americas,Colombia,2012,45715810,76.94221,15279.479
Americas,Colombia,2017,48131078,77.22452,16986.03342
Americas,Costa Rica,1962,1429445,34.34863,5359.03512
Americas,Costa Rica,1967,1689523,36.49689,6235.12748
Americas,Costa Rica,1972,1938248,40.16429,7496.77637
Americas,Costa Rica,1977,2205025,42.04396,8540.35037
Americas,Costa Rica,1982,2524806,43.54373,8093.5912
Americas,Costa Rica,1987,2892699,46.14287,9454.01397
Americas,Costa Rica,1992,3284258,50.47779,11390.84762
Americas,Costa Rica,1997,3701711,55.77208,12612.74196
Americas,Costa Rica,2002,4075705,61.27876,14292.54159
Americas,Costa Rica,2007,4380248,67.46864,17639.71114
Americas,Costa Rica,2012,4663934,73.3895,19960.79333
Americas,Costa Rica,2017,4913177,76.05393,22622.55345
Americas,Cuba,1962,7541098,58.09494,4526.40686
Americas,Cuba,1967,8352625,59.35004,5470.40425
Americas,Cuba,1972,9123891,61.27922,5254.22106
Americas,Cuba,1977,9648440,65.93929,6510.88392
Americas,Cuba,1982,9912681,69.52341,7691.16274
Americas,Cuba,1987,10335342,72.14591,8629.46948
Americas,Cuba,1992,10785801,74.41409,6184.81198
Americas,Cuba,1997,10997934,75.06763,6420.08488
Americas,Cuba,2002,11177418,75.85149,8434.14926
Americas,Cuba,2007,11287272,76.23568,11208.20457
Americas,Cuba,2012,11303175,76.77769,14450.5742
Americas,Cuba,2017,11247829,76.96033,16347.49043
Americas,Dominica,1962,60948,38.01175,2101.13703
Americas,Dominica,1967,65585,38.25674,2168.71815
Americas,Dominica,1972,70060,39.22497,2871.84343
Americas,Dominica,1977,72406,43.28668,3796.46694
Americas,Dominica,1982,72688,49.11025,4843.59317
Americas,Dominica,1987,71023,59.63498,7080.14906
Americas,Dominica,1992,69325,64.63284,9756.3215
Americas,Dominica,1997,69299,65.00558,11585.87961
Americas,Dominica,2002,68367,65.52093,12779.05165
Americas,Dominica,2007,68847,66.87708,16225.64409
Americas,Dominica,2012,69118,68.75461,17431.1288
Americas,Dominica,2017,68496,70.64058,16314.22956
Americas,Dominican Republic,1962,3479936,31.89795,2881.33213
Americas,Dominican Republic,1967,4038928,37.05658,2835.43988
Americas,Dominican Republic,1972,4651883,42.55084,3783.39753
Americas,Dominican Republic,1977,5315443,48.63413,4640.88496
Americas,Dominican Republic,1982,6007114,52.64187,5460.32953
Americas,Dominican Republic,1987,6712515,54.21008,6308.77127
Americas,Dominican Republic,1992,7447474,55.61532,7227.84269
Americas,Dominican Republic,1997,8174078,58.60737,9225.3976
Americas,Dominican Republic,2002,8852235,63.2914,11126.98037
Americas,Dominican Republic,2007,9455658,71.01934,13729.57546
Americas,Dominican Republic,2012,10070411,74.23987,15487.27764
Americas,Dominican Republic,2017,10666843,73.92681,19501.87431
Americas,Ecuador,1962,4859269,35.80659,4598.25776
Americas,Ecuador,1967,5629057,38.08762,4971.50539
Americas,Ecuador,1972,6529034,40.27658,5478.29855
Americas,Ecuador,1977,7526819,43.90815,6960.2119
Americas,Ecuador,1982,8611298,48.8699,7898.67856
Americas,Ecuador,1987,9779290,52.9577,7750.27996
Americas,Ecuador,1992,10930128,56.36279,9206.99814
Americas,Ecuador,1997,12031127,59.33799,9711.34345
Americas,Ecuador,2002,13138472,61.28713,9712.47644
Americas,Ecuador,2007,14328773,62.38876,10976.96621
Americas,Ecuador,2012,15572194,62.84087,12961.02674
Americas,Ecuador,2017,16759519,63.01946,14179.15375
Americas,El Salvador,1962,2949204,38.64168,3874.10233
Americas,El Salvador,1967,3385184,39.07939,4427.54617
Americas,El Salvador,1972,3846830,39.72698,4551.25757
Americas,El Salvador,1977,4301256,41.36557,5198.25871
Americas,El Salvador,1982,4622477,43.91918,4421.59843
Americas,El Salvador,1987,5092441,47.01724,4952.21507
Americas,El Salvador,1992,5585609,50.28728,5921.9482
Americas,El Salvador,1997,5844578,53.98858,7096.68455
Americas,El Salvador,2002,5986631,58.34862,7676.18413
Americas,El Salvador,2007,6009824,62.76769,8588.87985
Americas,El Salvador,2012,6113975,67.22327,9165.42035
Americas,El Salvador,2017,6213533,71.08567,10064.79349
Americas,Grenada,1962,96375,30.79723,2356.90561
Americas,Grenada,1967,98066,31.80923,2546.95541
Americas,Grenada,1972,98777,32.40509,3062.41857
Americas,Grenada,1977,97017,32.75024,4299.97236
Americas,Grenada,1982,94383,33.0316,5249.86985
Americas,Grenada,1987,97526,33.23662,7280.00964
Americas,Grenada,1992,101602,33.63046,9000.22308
Americas,Grenada,1997,105293,35.17347,9620.54023
Americas,Grenada,2002,108404,35.91992,11808.09279
Americas,Grenada,2007,110522,35.90625,14444.55033
Americas,Grenada,2012,112775,35.86528,13169.46048
Americas,Grenada,2017,115438,36.01733,16301.47244
Americas,Guatemala,1962,4312044,32.84011,4257.0217
Americas,Guatemala,1967,4978862,34.96705,4825.38773
Americas,Guatemala,1972,5682833,36.36641,5741.75176
Americas,Guatemala,1977,6401515,34.37174,6634.16355
Americas,Guatemala,1982,7240241,32.73734,6936.18111
Americas,Guatemala,1987,8296485,33.27337,6654.42778
Americas,Guatemala,1992,9522266,34.43342,7625.15936
Americas,Guatemala,1997,10857754,38.31956,8192.37277
Americas,Guatemala,2002,12246915,45.77547,8791.80193
Americas,Guatemala,2007,13652040,49.45651,9726.22375
Americas,Guatemala,2012,15089647,52.35234,10126.82807
Americas,Guatemala,2017,16567357,53.79947,11005.45908
Americas,Guyana,1962,595461,29.27717,3979.71494
Americas,Guyana,1967,662311,29.96448,4184.57587
Americas,Guyana,1972,721617,30.03953,4377.10866
Americas,Guyana,1977,758654,29.62069,4937.77201
Americas,Guyana,1982,776712,29.5069,4634.14766
Americas,Guyana,1987,764120,29.55018,4793.26369
Americas,Guyana,1992,749911,29.55287,5388.2967
Americas,Guyana,1997,762245,29.15531,7653.1008
Americas,Guyana,2002,763652,28.47968,8068.25115
Americas,Guyana,2007,756861,27.1459,9244.30508
Americas,Guyana,2012,746288,26.4,11534.99856
Americas,Guyana,2017,768479,26.41291,12801.64085
Americas,Haiti,1962,4001575,15.97907,2550.87441
Americas,Haiti,1967,4382999,17.97702,2141.29576
Americas,Haiti,1972,4813868,20.38827,2346.6488
Americas,Haiti,1977,5299476,20.51958,2636.41161
Americas,Haiti,1982,5835937,20.62548,3084.52518
Americas,Haiti,1987,6445123,22.22731,3176.72314
Americas,Haiti,1992,7136571,26.36636,3151.5041
Americas,Haiti,1997,7854298,32.47201,2955.77874
Americas,Haiti,2002,8607641,39.9709,3001.23422
Americas,Haiti,2007,9373296,43.98662,3194.91253
Americas,Haiti,2012,10069771,47.43148,3285.70755
Americas,Haiti,2017,10817754,50.73508,3474.34693
Americas,Honduras,1962,2182064,23.36776,2690.78429
Americas,Honduras,1967,2518648,26.14102,2880.41137
Americas,Honduras,1972,2922064,30.21799,2884.87548
Americas,Honduras,1977,3398655,33.32303,3417.6235
Americas,Honduras,1982,3958728,36.20019,3514.42897
Americas,Honduras,1987,4576910,38.94319,4006.50618
Americas,Honduras,1992,5271431,41.45239,4248.73832
Americas,Honduras,1997,6071454,43.81264,4481.09113
Americas,Honduras,2002,6938859,46.41942,4621.84604
Americas,Honduras,2007,7834798,49.39943,5470.17678
Americas,Honduras,2012,8715076,52.66416,5600.60776
Americas,Honduras,2017,9588137,55.38773,6099.60735
Americas,Jamaica,1962,1696932,31.89832,5450.56653
Americas,Jamaica,1967,1812865,38.44611,6092.91459
Americas,Jamaica,1972,1931542,42.85,7362.82696
Americas,Jamaica,1977,2070657,45.8389,6199.94024
Americas,Jamaica,1982,2203889,47.8211,6122.98559
Americas,Jamaica,1987,2329813,48.8994,7416.21083
Americas,Jamaica,1992,2424701,49.87936,8967.40312
Americas,Jamaica,1997,2547848,51.03328,9576.89332
Americas,Jamaica,2002,2640572,52.14672,9619.29863
Americas,Jamaica,2007,2713800,53.17037,10432.74762
Americas,Jamaica,2012,2772430,54.24788,9676.84757
Americas,Jamaica,2017,2815764,55.91523,9964.39102
Americas,Mexico,1962,39129200,52.41398,6330.97344
Americas,Mexico,1967,46129608,56.62801,7922.02837
Americas,Mexico,1972,54030168,60.59423,9255.50862
Americas,Mexico,1977,62308493,64.34614,10416.88674
Americas,Mexico,1982,70433260,67.49176,14106.62773
Americas,Mexico,1987,78136651,70.12676,13937.63651
Americas,Mexico,1992,86044809,72.24061,16640.00505
Americas,Mexico,1997,94021207,73.95131,17918.65866
Americas,Mexico,2002,101548624,75.68408,19395.26617
Americas,Mexico,2007,108774360,76.50473,21036.09314
Americas,Mexico,2012,116818208,76.65852,20898.93572
Americas,Mexico,2017,123400057,77.72069,21777.52251
Americas,Nicaragua,1962,1892320,40.3514,5152.25169
Americas,Nicaragua,1967,2205567,44.63618,6767.75945
Americas,Nicaragua,1972,2573578,48.26523,6951.99391
Americas,Nicaragua,1977,2992534,50.18305,8214.19437
Americas,Nicaragua,1982,3438745,51.67994,5396.69381
Americas,Nicaragua,1987,3882164,52.87358,4753.86746
Americas,Nicaragua,1992,4357026,53.88163,3704.23524
Americas,Nicaragua,1997,4809573,54.78389,4181.25497
Americas,Nicaragua,2002,5149909,55.4895,4813.51285
Americas,Nicaragua,2007,5497243,56.28166,5664.51335
Americas,Nicaragua,2012,5901287,57.23168,6275.78769
Americas,Nicaragua,2017,6316231,58.18926,7391.19684
Americas,Panama,1962,1195301,42.32407,4529.27135
Americas,Panama,1967,1388628,46.03699,5568.91705
Americas,Panama,1972,1599723,48.15339,7128.14012
Americas,Panama,1977,1821543,49.07733,6993.57185
Americas,Panama,1982,2052271,50.38251,10248.4616
Americas,Panama,1987,2301970,52.35074,10978.63555
Americas,Panama,1992,2561336,55.33761,12324.44566
Americas,Panama,1997,2836695,60.17452,12837.61701
Americas,Panama,2002,3129344,63.03309,14350.55017
Americas,Panama,2007,3437490,64.60198,20109.67673
Americas,Panama,2012,3759256,65.28295,26926.88528
Americas,Panama,2017,4098707,65.65777,31979.81227
Americas,Paraguay,1962,1973130,35.79816,3286.28009
Americas,Paraguay,1967,2229994,36.45536,3526.62363
Americas,Paraguay,1972,2499881,37.41329,3957.06267
Americas,Paraguay,1977,2827874,39.54266,5177.4002
Americas,Paraguay,1982,3226189,42.73139,7385.49842
Americas,Paraguay,1987,3714889,47.14225,7697.23671
Americas,Paraguay,1992,4253600,51.80124,9064.17948
Americas,Paraguay,1997,4794412,55.64103,10194.89587
Americas,Paraguay,2002,5261328,58.30897,9333.5949
Americas,Paraguay,2007,5559386,59.13285,11014.72226
Americas,Paraguay,2012,5897008,59.92129,12834.80159
Americas,Paraguay,2017,6338660,62.95264,15320.33665
Americas,Peru,1962,10784612,48.25926,6124.17058
Americas,Peru,1967,12448814,54.09132,6856.28956
Americas,Peru,1972,14210147,59.57462,6848.13155
Americas,Peru,1977,16109806,63.02375,7097.61199
Americas,Peru,1982,18246503,65.69472,7584.39154
Americas,Peru,1987,20582320,67.79454,8363.7629
Americas,Peru,1992,22946340,69.70005,6190.31921
Americas,Peru,1997,25274147,71.6471,7824.40453
Americas,Peru,2002,27288217,73.55007,7981.43617
Americas,Peru,2007,28530699,75.76153,10310.62675
Americas,Peru,2012,29550366,78.64881,13395.39938
Americas,Peru,2017,31324637,82.19317,15069.52211
Americas,St. Kitts and Nevis,1962,54461,28.45817,4137.70337
Americas,St. Kitts and Nevis,1967,48605,32.5791,4211.39357
Americas,St. Kitts and Nevis,1972,44033,34.72779,4716.513
Americas,St. Kitts and Nevis,1977,43358,35.71703,5754.66448
Americas,St. Kitts and Nevis,1982,42532,35.81554,8016.8346
Americas,St. Kitts and Nevis,1987,41348,35.14601,12019.61191
Americas,St. Kitts and Nevis,1992,40715,34.31554,15981.40671
Americas,St. Kitts and Nevis,1997,43428,33.3399,19610.55207
Americas,St. Kitts and Nevis,2002,46020,32.43684,21781.74987
Americas,St. Kitts and Nevis,2007,46706,31.69671,23685.70446
Americas,St. Kitts and Nevis,2012,47033,31.20351,25114.05726
Americas,St. Kitts and Nevis,2017,47050,31.31696,29948.92001
Americas,St. Lucia,1962,94505,20.58219,2670.03737
Americas,St. Lucia,1967,99504,21.41718,3097.29699
Americas,St. Lucia,1972,106002,22.77277,3582.93379
Americas,St. Lucia,1977,114135,25.11308,4960.77778
Americas,St. Lucia,1982,123087,27.12567,5777.3522
Americas,St. Lucia,1987,133227,28.95935,9208.96793
Americas,St. Lucia,1992,141617,29.54087,14549.49555
Americas,St. Lucia,1997,152569,28.72123,15592.99891
Americas,St. Lucia,2002,161641,26.93833,16666.96197
Americas,St. Lucia,2007,167758,20.92689,20314.52634
Americas,St. Lucia,2012,172587,18.61931,21515.89963
Americas,St. Lucia,2017,176342,21.78372,22422.59704
Americas,St. Vincent and the Grenadines,1962,87236,40.77754,3708.51324
Americas,St. Vincent and the Grenadines,1967,93124,42.47107,2992.03599
Americas,St. Vincent and the Grenadines,1972,97790,43.16103,4331.6721
Americas,St. Vincent and the Grenadines,1977,101999,43.40679,3440.72203
Americas,St. Vincent and the Grenadines,1982,105969,43.59772,4496.33397
Americas,St. Vincent and the Grenadines,1987,110001,43.74301,5831.47771
Americas,St. Vincent and the Grenadines,1992,112509,43.97303,7982.5072
Americas,St. Vincent and the Grenadines,1997,113141,44.5112,9244.08829
Americas,St. Vincent and the Grenadines,2002,113347,45.12143,10753.63244
Americas,St. Vincent and the Grenadines,2007,111531,45.70344,13738.57139
Americas,St. Vincent and the Grenadines,2012,108736,46.30631,13397.9633
Americas,St. Vincent and the Grenadines,2017,105663,46.93929,15533.22128
Americas,Suriname,1962,283912,64.59587,9218.36662
Americas,Suriname,1967,342679,65.87833,10420.91409
Americas,Suriname,1972,397413,65.94745,12651.72929
Americas,Suriname,1977,385067,66.01395,17173.28666
Americas,Suriname,1982,376555,66.10341,16316.66476
Americas,Suriname,1987,396911,66.26262,15517.20726
Americas,Suriname,1992,417589,66.45396,16436.78717
Americas,Suriname,1997,448067,66.62718,16024.00537
Americas,Suriname,2002,496551,66.73205,16306.29235
Americas,Suriname,2007,531016,66.64332,20733.97283
Americas,Suriname,2012,562633,66.31326,24193.84124
Americas,Suriname,2017,593713,66.10465,22070.51376
Americas,Trinidad and Tobago,1962,880194,19.50169,10703.07694
Americas,Trinidad and Tobago,1967,956418,32.07794,11385.99059
Americas,Trinidad and Tobago,1972,1014921,42.24089,12632.42242
Americas,Trinidad and Tobago,1977,1079554,49.9888,13994.44857
Americas,Trinidad and Tobago,1982,1147927,52.97627,17533.23219
Americas,Trinidad and Tobago,1987,1217364,54.36915,13580.486
Americas,Trinidad and Tobago,1992,1271674,55.33526,14557.02048
Americas,Trinidad and Tobago,1997,1305836,55.84902,16797.22897
Americas,Trinidad and Tobago,2002,1332011,55.82981,22538.64603
Americas,Trinidad and Tobago,2007,1365377,54.9393,35087.40934
Americas,Trinidad and Tobago,2012,1403809,53.92541,36950.80796
Americas,Trinidad and Tobago,2017,1445261,53.92932,34153.88426
Americas,United States,1962,186724272,70.92353,21382.52673
Americas,United States,1967,200699911,72.99035,24801.63958
Americas,United States,1972,212842573,73.56281,26661.84381
Americas,United States,1977,223259419,73.65398,28333.16881
Americas,United States,1982,234583152,73.90355,31146.12718
Americas,United States,1987,246161291,74.65351,40010.17292
Americas,United States,1992,259606019,75.89433,45911.95369
Americas,United States,1997,273468013,78.08558,51002.72006
Americas,United States,2002,287084338,79.5461,56127.43794
Americas,United States,2007,301844226,80.51532,61578.56309
Americas,United States,2012,317115355,80.68375,61134.53061
Americas,United States,2017,332204660,80.40187,66155.55557
Americas,Uruguay,1962,2593298,80.57157,9080.24305
Americas,Uruguay,1967,2732277,81.48224,8594.62228
Americas,Uruguay,1972,2821644,82.34476,8880.64976
Americas,Uruguay,1977,2909461,83.68392,10025.85335
Americas,Uruguay,1982,2975492,85.92519,11385.93768
Americas,Uruguay,1987,3049896,87.96879,12952.07814
Americas,Uruguay,1992,3139702,89.78066,15438.09444
Americas,Uruguay,1997,3223345,90.95272,18602.64219
Americas,Uruguay,2002,3278867,91.48861,16412.79634
Americas,Uruguay,2007,3295153,92.96037,20707.35148
Americas,Uruguay,2012,3335401,94.76066,26953.28111
Americas,Uruguay,2017,3388438,95.22882,29762.43332
Americas,Venezuela,1962,8756870,63.79268,12018.89252
Americas,Venezuela,1967,10358513,68.97243,12241.02814
Americas,Venezuela,1972,12099180,73.59878,12517.24144
Americas,Venezuela,1977,14006812,77.30151,13779.18179
Americas,Venezuela,1982,16121874,80.33137,12381.5545
Americas,Venezuela,1987,18394963,82.69947,11964.23105
Americas,Venezuela,1992,20780948,84.87664,13146.05685
Americas,Venezuela,1997,23131685,87.2586,13368.22675
Americas,Venezuela,2002,25435671,88.45538,11593.79182
Americas,Venezuela,2007,27649363,88.72823,16992.37514
Americas,Venezuela,2012,29553826,88.84019,18551.879
Americas,Venezuela,2017,30565323,89.02877,12271.362
Asia,Afghanistan,1962,9404406,8.66266,2293.42252
Asia,Afghanistan,1967,10505959,10.16073,2395.48053
Asia,Afghanistan,1972,11853696,12.16198,2011.68454
Asia,Afghanistan,1977,13340756,14.7404,2174.25243
Asia,Afghanistan,1982,10991378,16.10738,2877.34176
Asia,Afghanistan,1987,11387818,16.9016,2921.86758
Asia,Afghanistan,1992,13278974,17.4882,2168.64015
Asia,Afghanistan,1997,18452091,18.09286,1562.46326
Asia,Afghanistan,2002,21378117,18.94125,1673.64821
Asia,Afghanistan,2007,25909852,20.59066,2132.60481
Asia,Afghanistan,2012,30560034,23.34344,2985.31914
Asia,Afghanistan,2017,35688935,24.83528,2952.99892
Asia,Australia,1962,10707236,82.22472,17004.21457
Asia,Australia,1967,11810519,83.63884,19592.00639
Asia,Australia,1972,13304896,85.69665,21998.01538
Asia,Australia,1977,14203508,85.97176,23020.05156
Asia,Australia,1982,15192485,85.63006,26227.51997
Asia,Australia,1987,16322269,85.35812,31944.80359
Asia,Australia,1992,17549288,85.39076,35729.37179
Asia,Australia,1997,18504912,85.19536,41271.92453
Asia,Australia,2002,19595355,85.28421,47144.6969
Asia,Australia,2007,20954549,85.89685,51853.37495
Asia,Australia,2012,22852644,86.44513,54237.59191
Asia,Australia,2017,24731038,87.12809,56684.64733
Asia,Bahrain,1962,179349,82.34977,8756.57756
Asia,Bahrain,1967,214189,80.95649,10978.08919
Asia,Bahrain,1972,242113,78.18718,14256.46868
Asia,Bahrain,1977,312823,79.33842,17767.33903
Asia,Bahrain,1982,386983,81.37601,20377.63053
Asia,Bahrain,1987,462854,85.98929,23158.10488
Asia,Bahrain,1992,547749,88.43773,33371.12659
Asia,Bahrain,1997,624005,88.04391,43775.31912
Asia,Bahrain,2002,752197,88.14279,50570.68669
Asia,Bahrain,2007,1057405,94.46051,52029.9827
Asia,Bahrain,2012,1216303,100,54516.84066
Asia,Bahrain,2017,1481995,100,53859.77496
Asia,Bangladesh,1962,54881146,5.46558,1249.0481
Asia,Bangladesh,1967,63510929,6.5302,1252.01908
Asia,Bangladesh,1972,71641519,8.08636,1091.25542
Asia,Bangladesh,1977,81867264,11.60271,1155.93461
Asia,Bangladesh,1982,92814507,16.00675,1325.03737
Asia,Bangladesh,1987,104959291,18.58429,1610.52954
Asia,Bangladesh,1992,115952192,20.64833,1948.11327
Asia,Bangladesh,1997,127198069,22.29534,2315.05622
Asia,Bangladesh,2002,138933658,24.11324,2775.91996
Asia,Bangladesh,2007,147989278,26.4153,3576.82402
Asia,Bangladesh,2012,155070101,28.4788,4592.04841
Asia,Bangladesh,2017,162186147,30.20158,6005.70719
Asia,Bhutan,1962,237636,2.56866,1176.81758
Asia,Bhutan,1967,278852,2.8337,1243.30231
Asia,Bhutan,1972,330264,4.09482,1237.09592
Asia,Bhutan,1977,391639,8.98522,1244.44752
Asia,Bhutan,1982,462485,13.85581,1616.01333
Asia,Bhutan,1987,540557,17.85428,2521.06454
Asia,Bhutan,1992,577774,21.74,3524.84225
Asia,Bhutan,1997,558697,25.46044,4626.78748
Asia,Bhutan,2002,624409,28.96309,5904.19659
Asia,Bhutan,2007,678641,32.17382,8164.68035
Asia,Bhutan,2012,717279,35.01886,11143.94454
Asia,Bhutan,2017,754335,37.86455,13482.34253
Asia,Brunei,1962,96719,47.42201,97353.17855
Asia,Brunei,1967,121017,59.01993,106864.1975
Asia,Brunei,1972,142189,63.53885,124035.1956
Asia,Brunei,1977,169277,60.9672,162217.3119
Asia,Brunei,1982,198165,59.3781,137338.3939
Asia,Brunei,1987,233860,62.73263,115504.0867
Asia,Brunei,1992,269839,67.12181,112469.0835
Asia,Brunei,1997,305341,69.83142,107334.5286
Asia,Brunei,2002,340099,72.10216,102751.4651
Asia,Brunei,2007,370873,74.43449,97391.78044
Asia,Brunei,2012,405557,75.27142,89718.46366
Asia,Brunei,2017,432772,74.84764,78966.8643
Asia,Cambodia,1962,5697558,10.27073,1998.39355
Asia,Cambodia,1967,6332944,10.47214,2267.36676
Asia,Cambodia,1972,6673886,29.36204,1931.71727
Asia,Cambodia,1977,5668551,5.55148,1837.9782
Asia,Cambodia,1982,5436432,13.17191,1838.69061
Asia,Cambodia,1987,6557970,14.72031,2171.52972
Asia,Cambodia,1992,8113083,16.40975,2515.66469
Asia,Cambodia,1997,11570982,18.18464,1657.01824
Asia,Cambodia,2002,12855241,18.80364,2152.3577
Asia,Cambodia,2007,13841770,19.40357,3305.02309
Asia,Cambodia,2012,14945085,23.9411,4159.16354
Asia,Cambodia,2017,16073372,35.01279,5632.03126
Asia,China,1962,665073691,17.32495,759.59164
Asia,China,1967,761026026,17.74042,899.03233
Asia,China,1972,863677814,17.13181,929.05209
Asia,China,1977,943546375,17.55112,917.7058
Asia,China,1982,1013588179,20.5655,1206.9491
Asia,China,1987,1096217446,25.31931,1865.27285
Asia,China,1992,1184574237,27.45987,2464.10795
Asia,China,1997,1241139622,31.90995,3664.53963
Asia,China,2002,1286866839,39.08978,4970.91269
Asia,China,2007,1325813582,45.88924,8108.53713
Asia,China,2012,1369520864,53.10031,12217.85432
Asia,China,2017,1412354727,60.24027,16757.97363
Asia,Fiji,1962,430536,28.9084,3672.61971
Asia,Fiji,1967,498873,33.86829,3861.89181
Asia,Fiji,1972,550499,36.02761,4824.11159
Asia,Fiji,1977,597805,37.31738,5353.40883
Asia,Fiji,1982,673414,37.98648,6018.67409
Asia,Fiji,1987,750540,39.02387,6121.43676
Asia,Fiji,1992,785346,43.03099,8179.73473
Asia,Fiji,1997,812139,46.80615,8896.03395
Asia,Fiji,2002,858049,48.77951,9678.79793
Asia,Fiji,2007,897832,50.64946,10041.97504
Asia,Fiji,2012,914918,53.03832,10537.69203
Asia,Fiji,2017,918759,55.74083,13090.50071
Asia,India,1962,457283090,18.14357,1310.28844
Asia,India,1967,511606372,19.01994,1337.65754
Asia,India,1972,570482142,20.27654,1341.57615
Asia,India,1977,640801103,22.35962,1432.58359
Asia,India,1982,720313473,24.03067,1571.25029
Asia,India,1987,808931270,25.02163,1916.3413
Asia,India,1992,902957070,25.98086,2385.24668
Asia,India,1997,999133762,26.96969,2840.73312
Asia,India,2002,1097600380,28.17569,3312.59814
Asia,India,2007,1190676021,29.78104,4410.92781
Asia,India,2012,1278674502,31.58989,5460.43769
Asia,India,2017,1359657400,33.18213,7326.60694
Asia,Indonesia,1962,93375850,15.05561,1823.5712
Asia,Indonesia,1967,106526393,16.06853,1599.87547
Asia,Indonesia,1972,122039841,17.45317,2048.56232
Asia,Indonesia,1977,138533541,20.13524,2485.8756
Asia,Indonesia,1982,156052152,23.57242,3065.40187
Asia,Indonesia,1987,173511154,27.76157,3902.79491
Asia,Indonesia,1992,190043744,32.6915,5529.30001
Asia,Indonesia,1997,206536095,38.74663,7104.00042
Asia,Indonesia,2002,222088495,43.78241,6514.41786
Asia,Indonesia,2007,237062337,47.7433,7870.61403
Asia,Indonesia,2012,252698525,51.15939,9708.61182
Asia,Indonesia,2017,267346658,54.4541,11772.57433
Asia,Iran,1962,22807907,35.28118,5844.0882
Asia,Iran,1967,26628432,38.85613,8573.26322
Asia,Iran,1972,30921179,43.34125,10998.90326
Asia,Iran,1977,35933181,47.75906,12944.20253
Asia,Iran,1982,44272141,51.39075,8510.34017
Asia,Iran,1987,53323493,54.82615,7676.83846
Asia,Iran,1992,61184983,57.85004,9877.93917
Asia,Iran,1997,63639638,62.11408,10422.00249
Asia,Iran,2002,68011317,65.92716,12020.63785
Asia,Iran,2007,74602648,68.80619,14503.56106
Asia,Iran,2012,79370580,71.76336,14202.55076
Asia,Iran,2017,85026754,74.40118,15108.10941
Asia,Iraq,1962,7413875,47.03845,6485.48693
Asia,Iraq,1967,8778869,53.69292,6816.24432
Asia,Iraq,1972,10430164,59.00902,7197.54834
Asia,Iraq,1977,12331046,63.47469,10969.42378
Asia,Iraq,1982,14406083,67.70454,11074.98558
Asia,Iraq,1987,16521049,70.19639,10683.17756
Asia,Iraq,1992,18300845,68.96658,4227.05031
Asia,Iraq,1997,22176593,67.48954,6405.16036
Asia,Iraq,2002,26006559,67.89381,10419.00416
Asia,Iraq,2007,28391607,68.71648,10821.91478
Asia,Iraq,2012,33654842,69.22222,13357.01439
Asia,Iraq,2017,39337353,69.89445,14417.63069
Asia,Israel,1962,2040961,78.84509,9979.40915
Asia,Israel,1967,2538657,82.52347,11313.69674
Asia,Israel,1972,3079401,85.34252,16324.58914
Asia,Israel,1977,3479618,87.69566,16222.10484
Asia,Israel,1982,3883632,89.37659,19312.71168
Asia,Israel,1987,4236869,90.12912,23248.23726
Asia,Israel,1992,4957238,90.60999,27253.59688
Asia,Israel,1997,5646473,91.01831,31006.38818
Asia,Israel,2002,6387720,91.4445,32038.41724
Asia,Israel,2007,6962455,91.71364,36342.26407
Asia,Israel,2012,7607780,91.72765,39299.35155
Asia,Israel,2017,8361797,91.67011,42947.05867
Asia,Japan,1962,98076405,65.23381,8532.18843
Asia,Japan,1967,102965527,69.52768,12245.6889
Asia,Japan,1972,109238955,73.67891,17500.49352
Asia,Japan,1977,115574277,76.03334,18856.07167
Asia,Japan,1982,119485775,76.34749,23265.83629
Asia,Japan,1987,121943587,76.9403,29468.55332
Asia,Japan,1992,124383708,77.6108,37743.31866
Asia,Japan,1997,126265929,78.23189,39748.99432
Asia,Japan,2002,127484598,80.54699,39564.31383
Asia,Japan,2007,128087682,88.27014,42413.86819
Asia,Japan,2012,127928285,91.02653,41596.9238
Asia,Japan,2017,127064690,91.54984,44505.27926
Asia,Jordan,1962,940554,44.36508,5383.95916
Asia,Jordan,1967,1271183,48.36734,6242.23877
Asia,Jordan,1972,1714555,52.3957,4758.02782
Asia,Jordan,1977,2019002,56.80836,5408.35226
Asia,Jordan,1982,2426927,62.50954,8796.56723
Asia,Jordan,1987,3047634,70.74144,9259.1037
Asia,Jordan,1992,4127693,77.20938,7956.15672
Asia,Jordan,1997,5046285,78.26894,8033.70227
Asia,Jordan,2002,5616066,78.29729,8899.22011
Asia,Jordan,2007,6827227,79.33583,10320.72267
Asia,Jordan,2012,7587127,84.95926,11086.02994
Asia,Jordan,2017,10234226,90.87646,9339.8104
Asia,Kazakhstan,1962,10058928,46.04248,10911.41473
Asia,Kazakhstan,1967,11584428,49.0194,13324.1861
Asia,Kazakhstan,1972,12951798,51.25132,15476.3681
Asia,Kazakhstan,1977,14353265,52.94952,16541.97446
Asia,Kazakhstan,1982,15492595,55.06966,15663.11674
Asia,Kazakhstan,1987,16527715,57.07449,15822.14626
Asia,Kazakhstan,1992,17332625,57.07851,13868.80771
Asia,Kazakhstan,1997,16043251,56.48873,11206.03342
Asia,Kazakhstan,2002,15656677,55.50459,15912.74277
Asia,Kazakhstan,2007,16257214,54.23462,24348.27497
Asia,Kazakhstan,2012,17306106,54.69208,28881.24176
Asia,Kazakhstan,2017,18651931,57.45864,31524.44163
Asia,Kiribati,1962,49538,17.03296,3443.15552
Asia,Kiribati,1967,54996,22.8936,3908.81386
Asia,Kiribati,1972,59778,25.09662,4400.13665
Asia,Kiribati,1977,60267,30.49553,5048.82951
Asia,Kiribati,1982,63134,32.88622,2477.3581
Asia,Kiribati,1987,69733,34.09452,2168.42163
Asia,Kiribati,1992,77641,35.48834,2506.22638
Asia,Kiribati,1997,84147,38.60301,2451.99965
Asia,Kiribati,2002,92264,43.49855,2372.64843
Asia,Kiribati,2007,102068,44.62121,2297.18898
Asia,Kiribati,2012,112284,49.58008,2242.01379
Asia,Kiribati,2017,120275,52.97347,2822.66919
Asia,Kuwait,1962,384995,77.24279,49800.41204
Asia,Kuwait,1967,628089,79.57636,70398.52158
Asia,Kuwait,1972,920352,83.53646,101558.8449
Asia,Kuwait,1977,1258023,91.83825,58968.13539
Asia,Kuwait,1982,1662480,96.50267,33877.99251
Asia,Kuwait,1987,2052994,97.94754,34961.77712
Asia,Kuwait,1992,1634961,97.98894,34188.16891
Asia,Kuwait,1997,1787683,98.32532,57809.75925
Asia,Kuwait,2002,2059974,99.50903,58629.24067
Asia,Kuwait,2007,2507887,100,80178.19205
Asia,Kuwait,2012,3337025,100,64908.26275
Asia,Kuwait,2017,4154685,100,52285.58712
Asia,Kyrgyz Republic,1962,2367294,35.19726,5791.364
Asia,Kyrgyz Republic,1967,2780169,36.90055,6407.10232
Asia,Kyrgyz Republic,1972,3173944,37.77052,7012.04023
Asia,Kyrgyz Republic,1977,3514121,38.25082,6964.49096
Asia,Kyrgyz Republic,1982,3882811,38.26954,6663.11898
Asia,Kyrgyz Republic,1987,4238467,38.19061,5999.58548
Asia,Kyrgyz Republic,1992,4600310,37.36718,4968.25684
Asia,Kyrgyz Republic,1997,4847993,35.55313,3529.73246
Asia,Kyrgyz Republic,2002,5116254,35.31187,3829.19618
Asia,Kyrgyz Republic,2007,5313368,35.29549,4581.30527
Asia,Kyrgyz Republic,2012,5696519,35.21892,4993.39432
Asia,Kyrgyz Republic,2017,6220150,34.99808,5861.222
Asia,Lao,1962,2219910,7.97838,961.96221
Asia,Lao,1967,2487715,8.57046,989.52352
Asia,Lao,1972,2801660,10.18727,1033.62209
Asia,Lao,1977,3118923,11.59321,1122.45286
Asia,Lao,1982,3450026,12.92703,1482.08728
Asia,Lao,1987,3957612,14.37206,1746.2521
Asia,Lao,1992,4559646,15.92551,2088.17962
Asia,Lao,1997,5152011,18.84827,2604.67054
Asia,Lao,2002,5610889,24.52478,3163.07732
Asia,Lao,2007,6056236,28.73431,4129.17689
Asia,Lao,2012,6518978,31.74228,5608.96956
Asia,Lao,2017,7018147,34.51153,7432.45963
Asia,Lebanon,1962,1909578,44.97819,8570.15281
Asia,Lebanon,1967,2206731,54.39153,8966.51523
Asia,Lebanon,1972,2509729,62.53053,11872.46036
Asia,Lebanon,1977,2762155,70.18168,6518.11345
Asia,Lebanon,1982,3054931,77.06245,4781.96844
Asia,Lebanon,1987,3385555,81.82165,11854.01553
Asia,Lebanon,1992,3747371,84.16543,8115.19841
Asia,Lebanon,1997,4108405,85.59588,11070.09395
Asia,Lebanon,2002,4463504,86.29428,11930.2893
Asia,Lebanon,2007,4844118,87.10249,13987.73909
Asia,Lebanon,2012,5235742,88.01951,17323.30138
Asia,Lebanon,2017,6160128,89.05192,16128.58382
Asia,Malaysia,1962,8380172,26.82283,3071.71125
Asia,Malaysia,1967,9507099,28.45529,3395.26127
Asia,Malaysia,1972,10676835,30.13796,4393.21452
Asia,Malaysia,1977,12035713,32.39332,5703.18826
Asia,Malaysia,1982,13832798,36.19095,7752.60107
Asia,Malaysia,1987,16276737,44.02406,9005.60026
Asia,Malaysia,1992,18834572,51.86286,13293.57097
Asia,Malaysia,1997,21375218,58.50081,18456.55072
Asia,Malaysia,2002,24102477,64.05637,18678.23787
Asia,Malaysia,2007,26998389,68.76497,22333.7585
Asia,Malaysia,2012,29662831,71.96801,25006.35878
Asia,Malaysia,2017,32355644,74.23548,29551.54576
Asia,Maldives,1962,95802,11.42539,2729.40117
Asia,Maldives,1967,112528,11.32951,3039.71142
Asia,Maldives,1972,130968,13.47169,3231.59194
Asia,Maldives,1977,151930,20.17369,2963.9537
Asia,Maldives,1982,174333,24.33503,4584.41723
Asia,Maldives,1987,203944,25.7284,7430.21404
Asia,Maldives,1992,238543,25.71703,9145.30985
Asia,Maldives,1997,267707,26.02596,12113.61825
Asia,Maldives,2002,291616,29.88817,13586.38972
Asia,Maldives,2007,324479,35.43408,17375.84649
Asia,Maldives,2012,386818,37.47596,17390.14752
Asia,Maldives,2017,458287,39.32788,20036.71655
Asia,Marshall Islands,1962,15755,37.37629,2382.16432
Asia,Marshall Islands,1967,18655,45.6,2676.03951
Asia,Marshall Islands,1972,23992,59.92575,3004.92475
Asia,Marshall Islands,1977,27906,60.45725,3118.46931
Asia,Marshall Islands,1982,33397,60.60133,2827.5803
Asia,Marshall Islands,1987,40828,66.08038,3611.10581
Asia,Marshall Islands,1992,46388,67.30389,4021.68972
Asia,Marshall Islands,1997,49259,67.73008,3887.95484
Asia,Marshall Islands,2002,51425,69.03808,4126.32541
Asia,Marshall Islands,2007,52035,71.7942,4222.31016
Asia,Marshall Islands,2012,51419,74.27051,4244.04434
Asia,Marshall Islands,2017,46529,76.22531,5199.34448
Asia,"Micronesia, Fed. Sts.",1962,46218,23.50682,1888.27595
Asia,"Micronesia, Fed. Sts.",1967,53846,24.60595,2057.74906
Asia,"Micronesia, Fed. Sts.",1972,62278,25.4965,2200.99377
Asia,"Micronesia, Fed. Sts.",1977,70753,26.25675,3261.35802
Asia,"Micronesia, Fed. Sts.",1982,82219,26.45217,2924.04313
Asia,"Micronesia, Fed. Sts.",1987,94844,26.24859,3169.21673
Asia,"Micronesia, Fed. Sts.",1992,104806,25.81109,3492.34125
Asia,"Micronesia, Fed. Sts.",1997,111071,23.83058,3411.68707
Asia,"Micronesia, Fed. Sts.",2002,112448,22.33,3759.02757
Asia,"Micronesia, Fed. Sts.",2007,109880,22.32083,3751.28828
Asia,"Micronesia, Fed. Sts.",2012,107890,22.29426,3878.11227
Asia,"Micronesia, Fed. Sts.",2017,109481,22.3324,3811.78965
Asia,Mongolia,1962,1041444,40.28066,1687.46261
Asia,Mongolia,1967,1196996,43.24049,2083.32352
Asia,Mongolia,1972,1366821,46.43267,2476.62663
Asia,Mongolia,1977,1576245,50.19486,3088.09179
Asia,Mongolia,1982,1785364,53.80288,4045.63014
Asia,Mongolia,1987,2022800,56.8069,5075.29726
Asia,Mongolia,1992,2239123,56.94769,4364.97175
Asia,Mongolia,1997,2389128,56.6995,5086.85049
Asia,Mongolia,2002,2500075,58.13101,5913.39851
Asia,Mongolia,2007,2607965,65.25907,8729.25736
Asia,Mongolia,2012,2795459,67.95228,12078.91853
Asia,Mongolia,2017,3104364,67.92606,14401.53751
Asia,Myanmar,1962,22704719,19.97793,1038.27886
Asia,Myanmar,1967,25406429,22.26222,952.37483
Asia,Myanmar,1972,28428324,23.77862,994.92622
Asia,Myanmar,1977,31355966,24.33484,1058.93353
Asia,Myanmar,1982,34482965,24.73185,1219.1142
Asia,Myanmar,1987,37971594,25.34927,1065.51089
Asia,Myanmar,1992,40950342,26.1312,992.47317
Asia,Myanmar,1997,43708798,27.00125,1189.08128
Asia,Myanmar,2002,46232653,27.88497,1771.33976
Asia,Myanmar,2007,48125043,28.70791,3028.21296
Asia,Myanmar,2012,49837446,29.39563,4340.99945
Asia,Myanmar,2017,51894938,29.90517,5877.87466
Asia,Nauru,1962,4979,100,23459.9373
Asia,Nauru,1967,6135,100,43621.17425
Asia,Nauru,1972,6812,100,64073.69737
Asia,Nauru,1977,7163,100,60386.88577
Asia,Nauru,1982,8040,100,48203.66647
Asia,Nauru,1987,8946,100,37048.80716
Asia,Nauru,1992,10021,100,20392.66388
Asia,Nauru,1997,10197,100,11725.87291
Asia,Nauru,2002,10082,100,7634.92083
Asia,Nauru,2007,10020,100,6123.69092
Asia,Nauru,2012,10267,100,9766.46483
Asia,Nauru,2017,11324,100,10763.82305
Asia,Nepal,1962,10521116,3.62075,1175.92858
Asia,Nepal,1967,11652716,3.78226,1185.36747
Asia,Nepal,1972,12989099,4.33462,1157.86243
Asia,Nepal,1977,14499175,10.53581,1171.85307
Asia,Nepal,1982,16297987,16.11224,1306.97091
Asia,Nepal,1987,18250505,18.31981,1519.12271
Asia,Nepal,1992,20609707,21.16961,1881.16598
Asia,Nepal,1997,23219463,26.58677,2150.13721
Asia,Nepal,2002,25328981,35.03589,2368.99727
Asia,Nepal,2007,26788492,53.38274,2702.77225
Asia,Nepal,2012,27534915,63.65584,3316.50074
Asia,Nepal,2017,28011258,65.57689,4071.70432
Asia,New Zealand,1962,2484405,64.85839,18530.08903
Asia,New Zealand,1967,2723419,71.30097,19835.47578
Asia,New Zealand,1972,2919258,81.93149,21399.05348
Asia,New Zealand,1977,3140133,83.0524,21207.32824
Asia,New Zealand,1982,3185123,83.56939,24445.75391
Asia,New Zealand,1987,3299443,84.05326,28568.85649
Asia,New Zealand,1992,3532244,85.08068,28738.24334
Asia,New Zealand,1997,3776950,85.53957,33413.29993
Asia,New Zealand,2002,3951119,85.80616,37904.08537
Asia,New Zealand,2007,4223266,85.92918,42350.36139
Asia,New Zealand,2012,4411676,85.7777,42570.33328
Asia,New Zealand,2017,4812752,84.1701,46193.28848
Asia,North Korea,1962,12262882,43.74138,1410.18094
Asia,North Korea,1967,13958350,50.48889,1561.96799
Asia,North Korea,1972,15975069,55.56876,1813.41859
Asia,North Korea,1977,17492798,56.79587,2332.1885
Asia,North Korea,1982,18776357,57.07904,2550.12032
Asia,North Korea,1987,20205483,57.88801,2636.94563
Asia,North Korea,1992,21750911,58.74918,2222.20632
Asia,North Korea,1997,23110830,59.22666,1642.80395
Asia,North Korea,2002,23943973,59.54194,1710.91213
Asia,North Korea,2007,24646383,59.92691,1706.62299
Asia,North Korea,2012,25211728,60.67811,1706.01735
Asia,North Korea,2017,25817709,61.82061,1684.82459
Asia,Oman,1962,549941,18.73038,2300.66227
Asia,Oman,1967,613318,27.0144,3709.38908
Asia,Oman,1972,700593,37.56819,8312.96356
Asia,Oman,1977,855314,48.83951,10972.48201
Asia,Oman,1982,1117678,59.27614,15079.45026
Asia,Oman,1987,1500996,67.32588,21215.81784
Asia,Oman,1992,1938238,71.43649,29900.85522
Asia,Oman,1997,2190720,71.61803,37467.24815
Asia,Oman,2002,2337140,71.50133,41867.99254
Asia,Oman,2007,2570174,73.06793,43898.2691
Asia,Oman,2012,3547106,76.08816,41964.08286
Asia,Oman,2017,4537396,78.31423,38691.10771
Asia,Pakistan,1962,48156128,22.93422,1272.18008
Asia,Pakistan,1967,55214768,24.14152,1467.68077
Asia,Pakistan,1972,63583194,25.34603,1598.44019
Asia,Pakistan,1977,73901827,27.05531,1710.84724
Asia,Pakistan,1982,89089246,28.67999,2200.47243
Asia,Pakistan,1987,105130717,30.015,2814.82106
Asia,Pakistan,1992,123546848,31.22582,3465.33893
Asia,Pakistan,1997,142531804,32.36476,3554.79376
Asia,Pakistan,2002,163222549,33.38571,3646.92199
Asia,Pakistan,2007,184493231,34.26831,4306.74362
Asia,Pakistan,2012,207667125,35.21602,4292.0211
Asia,Pakistan,2017,223273967,36.43515,5031.56061
Asia,Palau,1962,9793,47.57595,22688.47876
Asia,Palau,1967,10988,55.12257,29238.47975
Asia,Palau,1972,12194,59.84476,35826.69784
Asia,Palau,1977,12525,61.59339,43571.55408
Asia,Palau,1982,12694,64.24805,18688.92761
Asia,Palau,1987,14334,68.66661,14803.53359
Asia,Palau,1992,15989,70.4277,16973.22674
Asia,Palau,1997,18108,70.76523,17568.19465
Asia,Palau,2002,19503,72.3817,17071.35331
Asia,Palau,2007,19302,79.0196,18177.88694
Asia,Palau,2012,17765,81.12857,18219.69799
Asia,Palau,2017,17812,79.82846,19237.92655
Asia,Palestine,1962,1109340,45.88837,2458.44945
Asia,Palestine,1967,1135820,51.46373,2777.53372
Asia,Palestine,1972,1164750,57.14764,3496.45651
Asia,Palestine,1977,1352713,60.72803,3810.77778
Asia,Palestine,1982,1560990,62.79738,4086.82611
Asia,Palestine,1987,1876759,64.35548,3808.20964
Asia,Palestine,1992,2324693,66.10381,4111.03744
Asia,Palestine,1997,2859575,68.73518,4775.5471
Asia,Palestine,2002,3322364,75.49787,3572.22475
Asia,Palestine,2007,3736691,82.59613,4805.25922
Asia,Palestine,2012,4215313,84.54651,6009.10926
Asia,Palestine,2017,4742743,85.37823,6426.79522
Asia,Papua New Guinea,1962,2093919,4.17464,1500.02852
Asia,Papua New Guinea,1967,2337532,6.62805,1951.75289
Asia,Papua New Guinea,1972,2628432,11.67503,2561.05698
Asia,Papua New Guinea,1977,2940327,13.12909,2515.00651
Asia,Papua New Guinea,1982,3264291,13.25747,2740.96849
Asia,Papua New Guinea,1987,3632543,14.84794,3208.81915
Asia,Papua New Guinea,1992,4166699,15.16954,3647.2562
Asia,Papua New Guinea,1997,4987883,13.74917,3875.17791
Asia,Papua New Guinea,2002,5924003,13.15307,3127.237
Asia,Papua New Guinea,2007,6963345,13.03245,3363.92381
Asia,Papua New Guinea,2012,8081390,13.01438,3577.45177
Asia,Papua New Guinea,2017,9178714,13.52496,4322.22282
Asia,Philippines,1962,29723536,30.46462,2842.28541
Asia,Philippines,1967,34621320,31.30211,3025.89061
Asia,Philippines,1972,39408560,32.28729,3211.79897
Asia,Philippines,1977,44367962,33.27201,3704.27549
Asia,Philippines,1982,50695707,34.23866,4303.8766
Asia,Philippines,1987,58157496,35.28879,3887.5802
Asia,Philippines,1992,65926125,36.52394,4355.54139
Asia,Philippines,1997,73908810,38.04562,4845.58875
Asia,Philippines,2002,83068889,39.95539,4934.5461
Asia,Philippines,2007,91075184,42.34705,5882.26257
Asia,Philippines,2012,100175512,47.91828,6697.55621
Asia,Philippines,2017,108119693,52.60105,8584.13623
Asia,Qatar,1962,44630,68.27966,45103.52702
Asia,Qatar,1967,81439,74.35796,95055.80266
Asia,Qatar,1972,146506,78.37913,103949.188
Asia,Qatar,1977,225285,80.97288,87785.01141
Asia,Qatar,1982,311537,85.40303,67665.80603
Asia,Qatar,1987,397005,91.11268,50641.71023
Asia,Qatar,1992,469657,93.90559,52627.12448
Asia,Qatar,1997,550500,95.66635,75885.92431
Asia,Qatar,2002,711205,96.64245,91956.39756
Asia,Qatar,2007,1208595,97.86631,110412.7366
Asia,Qatar,2012,1907117,98.7428,143830.7109
Asia,Qatar,2017,2706709,99.03101,115064.9437
Asia,Samoa,1962,118597,19.01618,4287.40203
Asia,Samoa,1967,133764,19.4959,4476.22433
Asia,Samoa,1972,144538,20.72756,4675.87968
Asia,Samoa,1977,159753,21.14039,4197.42203
Asia,Samoa,1982,166484,21.18093,4111.75911
Asia,Samoa,1987,167661,20.51017,4454.96732
Asia,Samoa,1992,170331,21.2266,4056.76174
Asia,Samoa,1997,177547,21.75857,4483.78373
Asia,Samoa,2002,184471,21.94319,5308.03796
Asia,Samoa,2007,188753,20.69445,6075.11858
Asia,Samoa,2012,196498,19.47872,6311.9607
Asia,Samoa,2017,205415,18.96572,6919.01573
Asia,Saudi Arabia,1962,2620910,34.1,13820.65811
Asia,Saudi Arabia,1967,3157242,42.94015,21903.36509
Asia,Saudi Arabia,1972,3905722,53.18572,36425.04192
Asia,Saudi Arabia,1977,5083048,61.689,53138.61315
Asia,Saudi Arabia,1982,6824486,69.31921,52844.95713
Asia,Saudi Arabia,1987,9130194,74.77073,38822.92759
Asia,Saudi Arabia,1992,11686676,78,51510.35492
Asia,Saudi Arabia,1997,14374943,79.38662,51339.53609
Asia,Saudi Arabia,2002,17910910,80.34381,47847.63417
Asia,Saudi Arabia,2007,22368313,81.423,53086.86599
Asia,Saudi Arabia,2012,27062443,82.43119,59471.68202
Asia,Saudi Arabia,2017,30782402,83.30069,57942.5485
Asia,Singapore,1962,1721176,100,5092.31013
Asia,Singapore,1967,1965679,100,6398.45952
Asia,Singapore,1972,2164334,100,11016.11952
Asia,Singapore,1977,2331545,100,14475.0922
Asia,Singapore,1982,2627417,100,21480.45895
Asia,Singapore,1987,2781615,100,30110.36779
Asia,Singapore,1992,3226465,100,44225.21491
Asia,Singapore,1997,3796622,100,60552.68943
Asia,Singapore,2002,4146892,100,65510.59032
Asia,Singapore,2007,4596515,100,89389.31469
Asia,Singapore,2012,5293340,100,101187.8253
Asia,Singapore,2017,5604078,100,116471.8208
Asia,Solomon Islands,1962,146201,3.30941,1565.61687
Asia,Solomon Islands,1967,164245,5.47346,1721.90486
Asia,Solomon Islands,1972,184994,7.90927,1154.56329
Asia,Solomon Islands,1977,214418,9.66486,1580.24756
Asia,Solomon Islands,1982,255200,11.5884,1957.87811
Asia,Solomon Islands,1987,301414,13.14976,2216.11023
Asia,Solomon Islands,1992,352205,14.11563,2693.26107
Asia,Solomon Islands,1997,407474,15.00626,2881.96726
Asia,Solomon Islands,2002,457671,16.40262,1971.19788
Asia,Solomon Islands,2007,500156,18.53334,2387.51606
Asia,Solomon Islands,2012,573606,21.3907,2743.45333
Asia,Solomon Islands,2017,685672,25.38305,2703.66071
Asia,South Korea,1962,27509237,29.23351,1791.46926
Asia,South Korea,1967,30495728,34.55883,2284.24208
Asia,South Korea,1972,33936465,43.78934,3241.65905
Asia,South Korea,1977,36843637,51.3027,4876.96247
Asia,South Korea,1982,39356154,59.95057,6478.63526
Asia,South Korea,1987,42322092,68.56285,11041.41783
Asia,South Korea,1992,44653695,76.19607,17119.33828
Asia,South Korea,1997,45941537,78.9918,23258.04721
Asia,South Korea,2002,47299120,80.27663,28587.43844
Asia,South Korea,2007,48178118,81.71213,34729.10397
Asia,South Korea,2012,49599579,81.90879,39420.41939
Asia,South Korea,2017,51486270,81.47103,44787.64824
Asia,Sri Lanka,1962,10143754,18.4607,2164.3154
Asia,Sri Lanka,1967,11457328,20.97804,2255.03631
Asia,Sri Lanka,1972,12809205,22.43562,2391.59521
Asia,Sri Lanka,1977,14049371,22.02295,2529.74245
Asia,Sri Lanka,1982,15286567,21.25999,3294.65433
Asia,Sri Lanka,1987,15916576,19.49168,4085.514
Asia,Sri Lanka,1992,16739284,17.14533,4991.03772
Asia,Sri Lanka,1997,18248200,15.19484,6147.39813
Asia,Sri Lanka,2002,19805752,14.61078,6539.77854
Asia,Sri Lanka,2007,20492545,15.85443,8505.18757
Asia,Sri Lanka,2012,21169458,18.26177,11447.69377
Asia,Sri Lanka,2017,22087522,19.15077,14572.48582
Asia,Syria,1962,4959340,40.70645,5668.59604
Asia,Syria,1967,5790198,42.37143,4559.60299
Asia,Syria,1972,6826024,44.10966,5624.46034
Asia,Syria,1977,8090501,45.82514,6483.87139
Asia,Syria,1982,9572511,47.25559,7738.17267
Asia,Syria,1987,11388923,48.27799,6628.33483
Asia,Syria,1992,13385571,49.26505,7967.12494
Asia,Syria,1997,15417542,50.71424,8707.57749
Asia,Syria,2002,17468332,52.69577,8040.54924
Asia,Syria,2007,20884125,54.2884,8838.83743
Asia,Syria,2012,22759763,65.08967,7144.37245
Asia,Syria,2017,19224668,74.53956,4977.7921
Asia,Tajikistan,1962,2255026,34.51745,5310.77359
Asia,Tajikistan,1967,2664130,36.75615,6122.51766
Asia,Tajikistan,1972,3123691,36.78129,6683.55231
Asia,Tajikistan,1977,3653265,35.02634,6457.07874
Asia,Tajikistan,1982,4227171,33.87597,5673.09278
Asia,Tajikistan,1987,4939059,32.9105,5043.2552
Asia,Tajikistan,1992,5649400,30.61774,2888.08921
Asia,Tajikistan,1997,6139829,27.21669,1311.44541
Asia,Tajikistan,2002,6531669,26.53365,1690.09226
Asia,Tajikistan,2007,7194477,26.53153,2227.48611
Asia,Tajikistan,2012,8014084,26.41022,2700.09546
Asia,Tajikistan,2017,9085946,26.27315,3312.71202
Asia,Thailand,1962,28481040,12.09289,1911.27324
Asia,Thailand,1967,33037801,12.74621,2339.81197
Asia,Thailand,1972,37933929,13.91632,2939.62837
Asia,Thailand,1977,42843974,16.10228,3621.99312
Asia,Thailand,1982,47494577,17.44397,4671.22573
Asia,Thailand,1987,52074105,18.09845,6222.4309
Asia,Thailand,1992,56528834,20.22515,10216.05013
Asia,Thailand,1997,60724584,27.19752,12200.63242
Asia,Thailand,2002,64266437,34.07328,12644.97588
Asia,Thailand,2007,67102394,40.70369,15792.72969
Asia,Thailand,2012,69436098,45.37357,17869.63766
Asia,Thailand,2017,71160187,49.2312,20094.67788
Asia,Timor-Leste,1962,482774,10.20382,904.32235
Asia,Timor-Leste,1967,524648,11.19961,1063.84419
Asia,Timor-Leste,1972,572962,12.96752,1215.92395
Asia,Timor-Leste,1977,618315,15.20183,1483.12081
Asia,Timor-Leste,1982,669149,17.59683,1821.2074
Asia,Timor-Leste,1987,718476,19.8468,2205.62409
Asia,Timor-Leste,1992,799318,21.66163,2808.49154
Asia,Timor-Leste,1997,917184,23.15543,3455.67548
Asia,Timor-Leste,2002,879159,24.85061,3562.75861
Asia,Timor-Leste,2007,1004889,28.00117,3450.57971
Asia,Timor-Leste,2012,1134885,29.61361,4299.96964
Asia,Timor-Leste,2017,1251703,29.3601,4292.07814
Asia,Tonga,1962,69940,19.09817,1609.81637
Asia,Tonga,1967,79814,20.10183,1599.25363
Asia,Tonga,1972,87356,20.22092,1588.83822
Asia,Tonga,1977,96725,20.35466,1696.59025
Asia,Tonga,1982,97980,20.88229,2633.07102
Asia,Tonga,1987,98376,21.70577,4321.82852
Asia,Tonga,1992,100022,22.49724,4849.30247
Asia,Tonga,1997,100674,22.93198,5492.45465
Asia,Tonga,2002,103874,23.07143,6133.559
Asia,Tonga,2007,106726,23.224,5534.16673
Asia,Tonga,2012,107460,23.45891,5907.26712
Asia,Tonga,2017,105356,22.97113,6862.66866
Asia,Turkmenistan,1962,1749214,46.99223,6973.66463
Asia,Turkmenistan,1967,2027403,47.78143,8432.14123
Asia,Turkmenistan,1972,2311430,47.85189,9661.21481
Asia,Turkmenistan,1977,2623948,47.51045,9664.44074
Asia,Turkmenistan,1982,2985557,46.714,8906.05686
Asia,Turkmenistan,1987,3452731,45.41363,8404.16488
Asia,Turkmenistan,1992,3944689,44.80282,6128.43206
Asia,Turkmenistan,1997,4336730,45.08279,4049.63117
Asia,Turkmenistan,2002,4769465,46.59248,5385.14927
Asia,Turkmenistan,2007,5244046,46.83698,7280.47327
Asia,Turkmenistan,2012,5808546,46.9603,10794.23352
Asia,Turkmenistan,2017,6507061,47.03349,14107.66712
Asia,Tuvalu,1962,5699,12.52356,2089.10301
Asia,Tuvalu,1967,5652,13.91244,2185.53501
Asia,Tuvalu,1972,5692,14.60142,2268.09501
Asia,Tuvalu,1977,6686,23.97222,3431.76429
Asia,Tuvalu,1982,7664,31.86383,2428.33954
Asia,Tuvalu,1987,8371,36.3596,2557.30563
Asia,Tuvalu,1992,9038,41.31419,3147.51491
Asia,Tuvalu,1997,9400,44.02235,3408.50204
Asia,Tuvalu,2002,9623,46.74355,4079.53425
Asia,Tuvalu,2007,10182,51.67227,3752.45208
Asia,Tuvalu,2012,10934,56.89649,3558.15237
Asia,Tuvalu,2017,10869,59.95313,4464.25885
Asia,United Arab Emirates,1962,144946,75.47519,3924.73373
Asia,United Arab Emirates,1967,179700,79.15324,45590.56046
Asia,United Arab Emirates,1972,385014,82.64119,77276.29175
Asia,United Arab Emirates,1977,710209,83.38783,77210.62007
Asia,United Arab Emirates,1982,1166370,80.3044,81728.70391
Asia,United Arab Emirates,1987,1574244,79.16177,59712.67201
Asia,United Arab Emirates,1992,2114730,78.44137,75567.43966
Asia,United Arab Emirates,1997,2817410,78.38208,88459.09472
Asia,United Arab Emirates,2002,3956826,80.27056,83319.82832
Asia,United Arab Emirates,2007,5624635,82.75861,84698.91602
Asia,United Arab Emirates,2012,7497118,83.76432,69158.82664
Asia,United Arab Emirates,2017,9234327,84.68668,68871.84958
Asia,Uzbekistan,1962,8854368,35.14268,5525.02402
Asia,Uzbekistan,1967,10659180,36.02538,6509.57384
Asia,Uzbekistan,1972,12465106,37.10279,7127.86785
Asia,Uzbekistan,1977,14408822,39.73022,6888.87454
Asia,Uzbekistan,1982,16462736,41.17657,6404.01516
Asia,Uzbekistan,1987,18930070,40.64146,5333.2376
Asia,Uzbekistan,1992,21485090,41.52988,4283.38566
Asia,Uzbekistan,1997,23758960,45.10517,3555.793
Asia,Uzbekistan,2002,25399980,49.25746,3847.70134
Asia,Uzbekistan,2007,27076008,51.7087,4868.67484
Asia,Uzbekistan,2012,29261903,51.33597,6435.56467
Asia,Uzbekistan,2017,31819178,50.67874,8047.05375
Asia,Vanuatu,1962,68174,8.52754,1853.70116
Asia,Vanuatu,1967,78921,9.99458,1939.09181
Asia,Vanuatu,1972,91562,11.74923,2027.54153
Asia,Vanuatu,1977,106618,13.59966,2310.53701
Asia,Vanuatu,1982,121035,15.61118,2554.30745
Asia,Vanuatu,1987,137187,17.70667,2841.98417
Asia,Vanuatu,1992,155608,19.38387,3192.89092
Asia,Vanuatu,1997,174626,20.79719,3366.1647
Asia,Vanuatu,2002,195863,22.20115,2952.50727
Asia,Vanuatu,2007,221276,23.59552,3303.71983
Asia,Vanuatu,2012,248883,24.81836,3350.77089
Asia,Vanuatu,2017,278507,24.76444,3465.91969
Asia,Vietnam,1962,34288560,16.11712,1632.57644
Asia,Vietnam,1967,38895080,19.28772,1304.7214
Asia,Vietnam,1972,43429168,20.6,1336.83039
Asia,Vietnam,1977,48954872,19.64024,1414.31032
Asia,Vietnam,1982,55011289,19.1141,1570.20222
Asia,Vietnam,1987,61584651,19.05062,2009.99458
Asia,Vietnam,1992,68260337,19.82525,2636.93845
Asia,Vietnam,1997,74226889,22.68833,3716.6873
Asia,Vietnam,2002,78772224,25.55409,4722.82509
Asia,Vietnam,2007,83633375,28.64564,6370.74245
Asia,Vietnam,2012,89510356,31.12228,7979.86829
Asia,Vietnam,2017,95176977,33.3626,10290.54871
Asia,Yemen,1962,5782221,3.7992,1429.06153
Asia,Yemen,1967,6516444,5.03462,1372.02366
Asia,Yemen,1972,7460068,6.89796,1849.58921
Asia,Yemen,1977,8648222,10.0705,2457.20947
Asia,Yemen,1982,10241006,13.95372,2439.56416
Asia,Yemen,1987,12369912,17.76661,2234.01561
Asia,Yemen,1992,14989494,21.75695,2499.623
Asia,Yemen,1997,17873936,24.98087,2729.14897
Asia,Yemen,2002,20835086,27.57776,3008.55679
Asia,Yemen,2007,24318082,29.60915,3380.10829
Asia,Yemen,2012,28433647,31.20318,3004.921
Asia,Yemen,2017,33090921,33.55869,1828.716
Europe,Albania,1962,1743733,31.07319,2999.27267
Europe,Albania,1967,2008521,31.32873,3524.09874
Europe,Albania,1972,2289265,31.97546,4075.70634
Europe,Albania,1977,2566599,33.12379,4309.12542
Europe,Albania,1982,2846907,34.07898,4951.07187
Europe,Albania,1987,3148838,35.03537,5366.35653
Europe,Albania,1992,3282501,36.71843,3769.75645
Europe,Albania,1997,3229660,39.53682,4898.67228
Europe,Albania,2002,3134092,43.15204,7578.61364
Europe,Albania,2007,3022887,48.20228,10272.64516
Europe,Albania,2012,2910004,53.86376,12292.29683
Europe,Albania,2017,2898242,55.98028,14155.03975
Europe,Andorra,1962,11086,62.03615,25936.32189
Europe,Andorra,1967,15837,71.76566,39061.65645
Europe,Andorra,1972,22957,81.40221,51475.84142
Europe,Andorra,1977,31097,89.46507,52494.84599
Europe,Andorra,1982,38764,94.4735,47146.32285
Europe,Andorra,1987,47653,95.37737,44911.14733
Europe,Andorra,1992,60200,94.0108,42769.13623
Europe,Andorra,1997,64700,92.9837,47928.86102
Europe,Andorra,2002,66506,91.46053,58701.07662
Europe,Andorra,2007,81877,89.05,65192.704
Europe,Andorra,2012,76834,88.6291,58172.13239
Europe,Andorra,2017,73763,88.4977,63239.65777
Europe,Armenia,1962,1991689,53.57909,6912.28309
Europe,Armenia,1967,2307492,57.0469,8013.62382
Europe,Armenia,1972,2577079,61.54021,8697.58615
Europe,Armenia,1977,2912827,65.0812,8570.31548
Europe,Armenia,1982,3163144,66.75588,8383.89366
Europe,Armenia,1987,3328520,67.74296,7933.90904
Europe,Armenia,1992,3571861,67.31897,3749.21414
Europe,Armenia,1997,3246289,65.73245,4264.3424
Europe,Armenia,2002,3055630,64.73962,5964.33327
Europe,Armenia,2007,2974819,64.42576,10980.46168
Europe,Armenia,2012,2922528,64.32684,11796.27412
Europe,Armenia,2017,2914963,64.71249,14243.8749
Europe,Austria,1962,7129579,50.13873,13866.40987
Europe,Austria,1967,7376289,51.00027,16331.50038
Europe,Austria,1972,7543259,52.1249,20910.73471
Europe,Austria,1977,7567336,53.51941,24428.34303
Europe,Austria,1982,7573078,55.79736,28747.97219
Europe,Austria,1987,7574315,61.29469,34728.93932
Europe,Austria,1992,7842712,64.94999,42786.2777
Europe,Austria,1997,7969803,66.3275,47249.87352
Europe,Austria,2002,8081636,66.88875,53809.15485
Europe,Austria,2007,8296952,67.0211,60240.1574
Europe,Austria,2012,8431601,67.20859,61451.5491
Europe,Austria,2017,8798778,67.90512,62612.13993
Europe,Azerbaijan,1962,4239407,49.00928,6401.32006
Europe,Azerbaijan,1967,4867301,49.88799,7848.62724
Europe,Azerbaijan,1972,5380917,50.70145,9120.76487
Europe,Azerbaijan,1977,5937641,52.70072,9962.48138
Europe,Azerbaijan,1982,6491435,53.18831,11020.8867
Europe,Azerbaijan,1987,6977658,53.51694,12738.3
Europe,Azerbaijan,1992,7405780,52.91855,7913.26922
Europe,Azerbaijan,1997,7936221,51.92708,4434.00156
Europe,Azerbaijan,2002,8326133,51.21442,6679.78178
Europe,Azerbaijan,2007,8828311,52.82816,16603.11847
Europe,Azerbaijan,2012,9376181,53.80764,19523.37371
Europe,Azerbaijan,2017,9968510,56.43319,19659.00485
Europe,Belarus,1962,8424480,34.93495,6778.85332
Europe,Belarus,1967,8823254,40.22409,8153.63688
Europe,Belarus,1972,9144633,46.5729,9359.14536
Europe,Belarus,1977,9434943,53.18454,10701.65025
Europe,Belarus,1982,9748282,58.66596,11993.30796
Europe,Belarus,1987,10057605,63.82526,13059.02332
Europe,Belarus,1992,10217561,67.32085,11552.94871
Europe,Belarus,1997,10122364,68.61459,9518.13599
Europe,Belarus,2002,9873450,70.88047,12526.02397
Europe,Belarus,2007,9563133,73.09135,20011.91277
Europe,Belarus,2012,9463076,75.52811,25879.13194
Europe,Belarus,2017,9495790,77.02082,25503.98099
Europe,Belgium,1962,9217669,66.58985,14710.366
Europe,Belgium,1967,9505919,69.10492,17207.50348
Europe,Belgium,1972,9694853,71.47148,21413.96738
Europe,Belgium,1977,9774014,73.51754,24031.13815
Europe,Belgium,1982,9862327,75.51197,28258.56039
Europe,Belgium,1987,9899147,77.43865,33481.60781
Europe,Belgium,1992,10045987,79.28145,41370.09007
Europe,Belgium,1997,10181464,81.02427,45411.82304
Europe,Belgium,2002,10332973,82.65097,50830.50141
Europe,Belgium,2007,10625493,84.14543,56730.34608
Europe,Belgium,2012,11107518,85.49154,56381.68884
Europe,Belgium,2017,11376581,86.67317,58555.15248
Europe,Bosnia and Herzegovina,1962,3407532,20.38557,2641.54288
Europe,Bosnia and Herzegovina,1967,3656223,24.60534,3152.23135
Europe,Bosnia and Herzegovina,1972,3848271,28.98891,3625.91324
Europe,Bosnia and Herzegovina,1977,4042124,33.6079,4037.25319
Europe,Bosnia and Herzegovina,1982,4221100,36.75419,4494.87566
Europe,Bosnia and Herzegovina,1987,4390246,38.42299,4158.10071
Europe,Bosnia and Herzegovina,1992,4234616,39.95255,2686.91091
Europe,Bosnia and Herzegovina,1997,4018227,41.58326,6330.23353
Europe,Bosnia and Herzegovina,2002,4188002,43.19756,8523.8492
Europe,Bosnia and Herzegovina,2007,4013424,44.79261,11199.55834
Europe,Bosnia and Herzegovina,2012,3670113,46.36557,12622.73391
Europe,Bosnia and Herzegovina,2017,3428682,48.49184,15554.06001
Europe,Bulgaria,1962,8008325,39.30138,5344.09974
Europe,Bulgaria,1967,8311124,48.00238,6586.90107
Europe,Bulgaria,1972,8579913,55.17417,7529.72867
Europe,Bulgaria,1977,8804686,59.41825,9090.78847
Europe,Bulgaria,1982,8912732,63.88864,11430.80422
Europe,Bulgaria,1987,8976204,66.00165,14044.16431
Europe,Bulgaria,1992,8559101,67.15069,12270.79939
Europe,Bulgaria,1997,8217102,67.65945,12052.61047
Europe,Bulgaria,2002,7861943,69.48592,14180.77345
Europe,Bulgaria,2007,7586888,70.68442,20341.2392
Europe,Bulgaria,2012,7317014,72.76849,22610.05728
Europe,Bulgaria,2017,7075636,73.39046,26681.42883
Europe,Croatia,1962,4255014,31.98692,8090.64105
Europe,Croatia,1967,4400269,37.36703,11078.13726
Europe,Croatia,1972,4497891,41.98096,14768.84809
Europe,Croatia,1977,4590623,45.39188,19406.79378
Europe,Croatia,1982,4689156,48.68118,22613.47362
Europe,Croatia,1987,4790209,52.47784,23498.37237
Europe,Croatia,1992,4782233,54.56759,15708.64175
Europe,Croatia,1997,4504621,55.45043,19279.7003
Europe,Croatia,2002,4305782,55.67455,23571.12738
Europe,Croatia,2007,4315954,55.40771,30337.54416
Europe,Croatia,2012,4259236,55.30429,28260.83662
Europe,Croatia,2017,4079200,55.90099,32351.87222
Europe,Cyprus,1962,601466,37.07362,5151.80754
Europe,Cyprus,1967,629251,38.92966,6830.27251
Europe,Cyprus,1972,661063,41.49317,9143.99961
Europe,Cyprus,1977,667101,55.47967,9757.38148
Europe,Cyprus,1982,696497,63.33748,13914.34962
Europe,Cyprus,1987,754785,66.11988,19394.01708
Europe,Cyprus,1992,810341,67.60746,27005.16217
Europe,Cyprus,1997,897568,68.48276,30461.4128
Europe,Cyprus,2002,981440,68.78636,37316.81467
Europe,Cyprus,2007,1072714,68.06042,43535.21052
Europe,Cyprus,2012,1165397,67.30103,39191.34766
Europe,Cyprus,2017,1254275,66.89075,42128.56641
Europe,Czech Republic,1962,9597460,60.55149,11483.53063
Europe,Czech Republic,1967,9758983,62.83599,12808.02005
Europe,Czech Republic,1972,9858068,65.7057,15352.0885
Europe,Czech Republic,1977,10149365,70.40126,19076.41237
Europe,Czech Republic,1982,10299008,75.48925,20413.71072
Europe,Czech Republic,1987,10303419,75.35168,23423.05974
Europe,Czech Republic,1992,10312448,75.09014,22395.61217
Europe,Czech Republic,1997,10280051,74.4028,26381.68137
Europe,Czech Republic,2002,10239468,73.83601,30123.97847
Europe,Czech Republic,2007,10337543,73.52195,39364.57918
Europe,Czech Republic,2012,10507335,73.22492,39347.0493
Europe,Czech Republic,2017,10541342,72.91219,45177.52261
Europe,Denmark,1962,4647467,75.08599,18857.84673
Europe,Denmark,1967,4835217,78.05349,21844.97483
Europe,Denmark,1972,4991573,80.78197,25362.42173
Europe,Denmark,1977,5088572,82.95115,26768.79032
Europe,Denmark,1982,5117894,84.11276,30861.56087
Europe,Denmark,1987,5127132,84.75023,39506.14622
Europe,Denmark,1992,5171367,84.88295,45437.3738
Europe,Denmark,1997,5285035,85.07065,51989.36147
Europe,Denmark,2002,5375959,85.3,57276.5858
Europe,Denmark,2007,5461607,86.42515,62919.9468
Europe,Denmark,2012,5591917,87.23362,60000.89031
Europe,Denmark,2017,5765168,88.01619,64815.73078
Europe,Estonia,1962,1249624,60.09412,11268.94518
Europe,Estonia,1967,1320053,63.6163,13482.71889
Europe,Estonia,1972,1387212,66.106,15279.69199
Europe,Estonia,1977,1446564,68.71614,17401.76527
Europe,Estonia,1982,1494909,70.63935,19164.62006
Europe,Estonia,1987,1547255,71.33102,20082.29556
Europe,Estonia,1992,1540212,70.53334,15150.42035
Europe,Estonia,1997,1421496,68.00039,18460.72154
Europe,Estonia,2002,1379435,67.40909,23898.59735
Europe,Estonia,2007,1340705,67.60979,36298.32759
Europe,Estonia,2012,1322616,67.96296,34115.36222
Europe,Estonia,2017,1317425,68.99319,39939.45756
Europe,Finland,1962,4491730,56.84262,12940.43631
Europe,Finland,1967,4606650,59.11523,14708.34276
Europe,Finland,1972,4639548,61.09063,18864.41439
Europe,Finland,1977,4738584,62.77932,20187.99182
Europe,Finland,1982,4826882,63.24192,25672.26763
Europe,Finland,1987,4932257,63.69999,32033.73789
Europe,Finland,1992,5042148,64.09547,34243.43019
Europe,Finland,1997,5139925,65.6794,40072.46267
Europe,Finland,2002,5200546,67.79516,48390.8085
Europe,Finland,2007,5288710,69.02004,57140.60224
Europe,Finland,2012,5413971,70.36614,53957.6681
Europe,Finland,2017,5508396,71.9563,55637.22628
Europe,France,1962,47352622,63.45984,14863.91923
Europe,France,1967,49574909,69.45262,17773.1602
Europe,France,1972,51743874,72.31473,21452.86374
Europe,France,1977,53197137,73.13392,23768.34651
Europe,France,1982,54582408,73.35225,27749.22125
Europe,France,1987,56048364,73.73377,32266.81569
Europe,France,1992,57554870,74.40511,39043.07066
Europe,France,1997,58568660,75.62523,41621.57117
Europe,France,2002,60327248,77.25439,46495.2528
Europe,France,2007,62432439,77.2458,50116.61434
Europe,France,2012,64058465,77.16695,49935.62691
Europe,France,2017,65284776,78.64678,51895.5663
Europe,Georgia,1962,4205699,44.39344,6921.30149
Europe,Georgia,1967,4582952,46.7459,8708.06055
Europe,Georgia,1972,4877277,48.6202,10753.54965
Europe,Georgia,1977,5053551,51.02156,11901.80579
Europe,Georgia,1982,5246474,52.99253,13529.69818
Europe,Georgia,1987,5461016,54.87435,15714.92327
Europe,Georgia,1992,5294187,54.63037,5891.12345
Europe,Georgia,1997,4695356,53.10793,5129.05014
Europe,Georgia,2002,4127846,52.41277,6546.59987
Europe,Georgia,2007,3967590,53.77061,10588.92675
Europe,Georgia,2012,3839208,56.16835,13193.9597
Europe,Georgia,2017,3792859,57.99968,16237.62422
Europe,Germany,1962,73997003,76.67587,15940.38659
Europe,Germany,1967,76970791,79.11863,17796.41441
Europe,Germany,1972,78719918,79.7311,21504.76899
Europe,Germany,1977,78185559,79.86346,24012.82008
Europe,Germany,1982,78393674,79.94459,27836.24995
Europe,Germany,1987,78062324,79.99271,34141.92867
Europe,Germany,1992,80934898,80.02606,42496.39621
Europe,Germany,1997,82389638,80.06287,45435.29613
Europe,Germany,2002,82068326,80.1214,49997.86247
Europe,Germany,2007,81298542,80.21986,54860.79382
Europe,Germany,2012,80916390,80.39345,58158.13797
Europe,Germany,2017,83104007,80.98425,61991.49731
Europe,Greece,1962,8473376,57.00673,7150.66623
Europe,Greece,1967,8655156,61.66613,10196.33998
Europe,Greece,1972,8849378,65.59634,15239.68079
Europe,Greece,1977,9282021,68.3012,16963.21032
Europe,Greece,1982,9837470,70.02177,19305.8625
Europe,Greece,1987,10134534,71.02863,21682.37811
Europe,Greece,1992,10359895,71.77121,25926.40668
Europe,Greece,1997,10622325,72.28005,27990.94872
Europe,Greece,2002,10890285,73.09771,33660.65195
Europe,Greece,2007,11045737,75.17535,41648.95477
Europe,Greece,2012,11048298,76.86798,31250.22686
Europe,Greece,2017,10753533,77.88953,31995.41088
Europe,Hungary,1962,10058066,53.73454,7690.49485
Europe,Hungary,1967,10206810,54.64822,9303.1459
Europe,Hungary,1972,10374303,55.77208,10181.79487
Europe,Hungary,1977,10623139,57.07005,12279.7659
Europe,Hungary,1982,10656116,58.50601,14631.51792
Europe,Hungary,1987,10475105,60.04388,17625.96608
Europe,Hungary,1992,10371474,61.64756,16428.0007
Europe,Hungary,1997,10278602,63.28095,18586.93313
Europe,Hungary,2002,10138466,65.04,23689.88094
Europe,Hungary,2007,10034082,67.00417,28925.20692
Europe,Hungary,2012,9916623,69.57723,28179.65646
Europe,Hungary,2017,9785604,70.45425,33828.71494
Europe,Iceland,1962,182341,81.53697,13614.51165
Europe,Iceland,1967,198783,83.89832,16978.52026
Europe,Iceland,1972,209203,85.74567,19596.4677
Europe,Iceland,1977,221834,87.43645,23607.70624
Europe,Iceland,1982,233845,88.60818,29944.95234
Europe,Iceland,1987,245855,89.82773,37710.79743
Europe,Iceland,1992,261085,91.14564,37259.58142
Europe,Iceland,1997,271185,92.0189,41821.27009
Europe,Iceland,2002,287607,92.1674,48372.8176
Europe,Iceland,2007,311651,92.36146,60501.51448
Europe,Iceland,2012,320841,93.51489,55719.26096
Europe,Iceland,2017,343531,93.7719,63999.16047
Europe,Ireland,1962,2831495,46.06578,9346.75265
Europe,Ireland,1967,2905420,50.0218,10655.07239
Europe,Ireland,1972,3037153,52.75763,13147.93994
Europe,Ireland,1977,3277756,54.62243,15171.59051
Europe,Ireland,1982,3475536,55.83988,18344.19386
Europe,Ireland,1987,3540381,56.55105,21787.34709
Europe,Ireland,1992,3558421,57.24821,29692.85038
Europe,Ireland,1997,3672293,58.40582,41749.3297
Europe,Ireland,2002,3928443,59.63673,57938.15556
Europe,Ireland,2007,4393513,61.0602,66810.4223
Europe,Ireland,2012,4600132,62.25293,59508.99655
Europe,Ireland,2017,4810261,62.90352,87942.44526
Europe,Italy,1962,50170590,60.32117,13007.61063
Europe,Italy,1967,52338334,63.06782,15657.81532
Europe,Italy,1972,54067563,65.09525,18912.06968
Europe,Italy,1977,55714555,66.40455,21736.34545
Europe,Italy,1982,56719175,66.89735,27080.44434
Europe,Italy,1987,56891926,66.77949,33806.52985
Europe,Italy,1992,57124990,66.70469,41516.33793
Europe,Italy,1997,57189274,66.95087,45512.41517
Europe,Italy,2002,57420628,67.35388,50612.1286
Europe,Italy,2007,59108720,67.78578,52557.3651
Europe,Italy,2012,60531515,68.76088,47795.95794
Europe,Italy,2017,60390318,69.51808,48849.21835
Europe,Latvia,1962,2182285,58.31702,9619.71377
Europe,Latvia,1967,2296079,61.04031,11984.55867
Europe,Latvia,1972,2395874,64.00292,14139.40427
Europe,Latvia,1977,2484608,67.08765,15964.83408
Europe,Latvia,1982,2532015,69.23298,16939.22861
Europe,Latvia,1987,2625963,70.71112,16914.77321
Europe,Latvia,1992,2614827,70.22445,11060.66796
Europe,Latvia,1997,2433231,68.54311,12366.17297
Europe,Latvia,2002,2311351,67.98135,17128.81367
Europe,Latvia,2007,2200776,67.85589,29365.76926
Europe,Latvia,2012,2034633,67.83316,27496.54546
Europe,Latvia,2017,1942594,67.97069,33036.39159
Europe,Lithuania,1962,2853287,41.52057,11562.86886
Europe,Lithuania,1967,3035378,46.55433,13908.50356
Europe,Lithuania,1972,3204905,52.62672,15849.32485
Europe,Lithuania,1977,3353247,58.34799,17635.65611
Europe,Lithuania,1982,3477584,63.3279,19478.67536
Europe,Lithuania,1987,3627367,66.78799,19886.87295
Europe,Lithuania,1992,3697544,67.56098,14850.77443
Europe,Lithuania,1997,3573409,67.18598,13807.16042
Europe,Lithuania,2002,3444050,66.88871,18034.14359
Europe,Lithuania,2007,3231374,66.7185,29260.05645
Europe,Lithuania,2012,2988329,66.85368,30920.3304
Europe,Lithuania,2017,2829313,67.1013,38774.4892
Europe,Luxembourg,1962,319651,70.21783,21988.07022
Europe,Luxembourg,1967,335517,72.6939,24301.14596
Europe,Luxembourg,1972,346072,75.50676,30200.36536
Europe,Luxembourg,1977,358245,78.9697,31932.26545
Europe,Luxembourg,1982,365056,80.53726,37564.42557
Europe,Luxembourg,1987,370790,80.75756,52813.1427
Europe,Luxembourg,1992,391964,81.2002,76838.0963
Europe,Luxembourg,1997,418969,83.07035,87156.66183
Europe,Luxembourg,2002,446389,85.20343,111622.4333
Europe,Luxembourg,2007,480270,87.18319,135296.0133
Europe,Luxembourg,2012,530947,89.44058,128895.4051
Europe,Luxembourg,2017,596495,92.09638,132169.834
Europe,"Macedonia, FYR",1962,1471745,36.49911,4976.40283
Europe,"Macedonia, FYR",1967,1582492,43.79151,7473.3005
Europe,"Macedonia, FYR",1972,1717395,49.05455,9746.64881
Europe,"Macedonia, FYR",1977,1853138,52.08,11994.25686
Europe,"Macedonia, FYR",1982,1978956,54.45458,13745.92667
Europe,"Macedonia, FYR",1987,2035157,56.29413,14361.28488
Europe,"Macedonia, FYR",1992,2032523,58.55681,11271.25181
Europe,"Macedonia, FYR",1997,2025755,59.56535,10553.29839
Europe,"Macedonia, FYR",2002,2074484,57.87261,11686.62394
Europe,"Macedonia, FYR",2007,2081972,57.9111,15043.63907
Europe,"Macedonia, FYR",2012,2027289,58.39242,17189.04892
Europe,"Macedonia, FYR",2017,1940879,59.74377,20119.94289
Europe,Malta,1962,330488,89.87236,2729.92769
Europe,Malta,1967,323813,89.35582,3536.55537
Europe,Malta,1972,328609,89.38158,4938.54696
Europe,Malta,1977,337161,89.48736,8453.65171
Europe,Malta,1982,346644,89.66698,11732.00388
Europe,Malta,1987,358080,90.06382,14181.58281
Europe,Malta,1992,374795,91.80756,19406.20066
Europe,Malta,1997,390679,92.97903,23936.36716
Europe,Malta,2002,405565,93.44311,30781.2392
Europe,Malta,2007,417197,93.91182,34758.54591
Europe,Malta,2012,426611,94.36263,38899.98733
Europe,Malta,2017,467902,94.56918,51578.98126
Europe,Moldova,1962,3209505,24.45792,7502.45811
Europe,Moldova,1967,3494202,29.1949,9549.94599
Europe,Moldova,1972,3713997,33.83609,11517.99801
Europe,Moldova,1977,3925583,37.94594,13074.3018
Europe,Moldova,1982,4130065,41.16958,15017.56707
Europe,Moldova,1987,4359064,45.30536,14959.95197
Europe,Moldova,1992,4455711,46.38246,8884.02104
Europe,Moldova,1997,4355538,44.91346,5815.49518
Europe,Moldova,2002,4142930,39.62072,6301.55086
Europe,Moldova,2007,3851396,39.4315,8695.70584
Europe,Moldova,2012,3482626,39.36142,10158.38547
Europe,Moldova,2017,3193497,39.97366,13118.82194
Europe,Monaco,1962,22078,100,39700.94124
Europe,Monaco,1967,23230,100,54778.8007
Europe,Monaco,1972,24862,100,75170.97783
Europe,Monaco,1977,26273,100,96752.8608
Europe,Monaco,1982,27561,100,119165.777
Europe,Monaco,1987,29446,100,141520.7199
Europe,Monaco,1992,30887,100,175340.5875
Europe,Monaco,1997,32063,100,203764.869
Europe,Monaco,2002,32422,100,253119.6762
Europe,Monaco,2007,31837,100,335747.8329
Europe,Monaco,2012,34711,100,341018.7763
Europe,Monaco,2017,37678,100,352820.3593
Europe,Montenegro,1962,484442,26.78262,5031.33339
Europe,Montenegro,1967,514096,30.96663,7524.27008
Europe,Montenegro,1972,540698,35.54203,10449.69754
Europe,Montenegro,1977,568093,41.93644,13472.68564
Europe,Montenegro,1982,593629,45.99182,17759.91741
Europe,Montenegro,1987,610170,47.50978,18446.40109
Europe,Montenegro,1992,626019,49.72315,11704.00615
Europe,Montenegro,1997,633533,55.37761,12695.10831
Europe,Montenegro,2002,633766,61.02618,13976.90186
Europe,Montenegro,2007,633379,63.50358,18751.30328
Europe,Montenegro,2012,633540,64.5244,19499.94456
Europe,Montenegro,2017,620114,64.99924,22740.38639
Europe,Netherlands,1962,11807551,60.305,16609.0466
Europe,Netherlands,1967,12607834,61.62328,19547.60291
Europe,Netherlands,1972,13342772,63.07462,23467.99013
Europe,Netherlands,1977,13868604,64.585,25902.22695
Europe,Netherlands,1982,14333900,66.45927,28279.12642
Europe,Netherlands,1987,14724947,68.16183,34227.05632
Europe,Netherlands,1992,15276785,69.30874,42586.51213
Europe,Netherlands,1997,15723622,75.55424,48802.08149
Europe,Netherlands,2002,16288051,80.80853,56063.70601
Europe,Netherlands,2007,16531357,85.40892,62432.47586
Europe,Netherlands,2012,16915194,88.53425,61480.8126
Europe,Netherlands,2017,17315370,91.12197,65666.00366
Europe,Norway,1962,3638841,50.05651,16232.21526
Europe,Norway,1967,3784110,60.50938,19674.49724
Europe,Norway,1972,3932909,67.11546,22795.95452
Europe,Norway,1977,4043262,69.74174,27852.7205
Europe,Norway,1982,4114736,70.98661,34380.69534
Europe,Norway,1987,4186824,71.45933,46207.62058
Europe,Norway,1992,4286261,72.64954,55669.60022
Europe,Norway,1997,4404986,74.70244,70898.35414
Europe,Norway,2002,4538014,76.79554,79347.25467
Europe,Norway,2007,4709010,78.40725,87562.62169
Europe,Norway,2012,5018458,79.49059,84237.14957
Europe,Norway,2017,5276802,81.96997,87194.11154
Europe,Poland,1962,30338087,49.08764,6291.53097
Europe,Poland,1967,31828630,50.88833,7514.94454
Europe,Poland,1972,33041996,53.1784,8836.44135
Europe,Poland,1977,34628512,56.67227,10732.0291
Europe,Poland,1982,36233460,59.18795,9880.55684
Europe,Poland,1987,37665707,60.97411,11811.94846
Europe,Poland,1992,38233640,61.43572,11700.56271
Europe,Poland,1997,38348310,61.67588,15722.89484
Europe,Poland,2002,38229408,61.75815,19019.6872
Europe,Poland,2007,38020421,61.2756,24468.67846
Europe,Poland,2012,38247868,60.63416,28952.91573
Europe,Poland,2017,38254959,60.14589,34354.59876
Europe,Portugal,1962,8895776,31.52838,6554.89845
Europe,Portugal,1967,8845842,33.67378,8562.02614
Europe,Portugal,1972,8815597,36.32892,11917.75916
Europe,Portugal,1977,9438167,39.34048,13200.66566
Europe,Portugal,1982,9885838,42.55515,16280.7854
Europe,Portugal,1987,10001993,45.81962,19859.04819
Europe,Portugal,1992,9960340,49.00287,27707.41228
Europe,Portugal,1997,10110551,52.37958,30834.7098
Europe,Portugal,2002,10413044,55.7893,35139.00933
Europe,Portugal,2007,10546825,59.74811,37083.19514
Europe,Portugal,2012,10513150,61.14098,34804.63319
Europe,Portugal,2017,10330844,61.12967,37943.11506
Europe,Romania,1962,18511669,35.6855,3712.05064
Europe,Romania,1967,18998555,39.29027,5065.8947
Europe,Romania,1972,20555576,43.91165,6553.17263
Europe,Romania,1977,21700178,47.79382,8806.0301
Europe,Romania,1982,22374443,50.8998,10900.90464
Europe,Romania,1987,22745591,53.41502,13498.97753
Europe,Romania,1992,22912393,54.31306,10969.04705
Europe,Romania,1997,22411513,53.44543,13367.14462
Europe,Romania,2002,21770017,52.74664,16321.47101
Europe,Romania,2007,20870716,53.44728,24083.33279
Europe,Romania,2012,20158452,53.95631,26764.58126
Europe,Romania,2017,19689401,53.36486,32849.10773
Europe,Russia,1962,123111713,55.92556,9989.01312
Europe,Russia,1967,128342644,60.04537,13278.58599
Europe,Russia,1972,131726419,64.16101,17052.61994
Europe,Russia,1977,136040976,68.23495,21241.34948
Europe,Russia,1982,140247748,70.85181,23232.43217
Europe,Russia,1987,146147383,72.87533,24870.61112
Europe,Russia,1992,148915991,73.38229,20873.7343
Europe,Russia,1997,147853771,73.11566,16617.2416
Europe,Russia,2002,145939500,73.2929,21542.91112
Europe,Russia,2007,143859764,73.3856,32352.78407
Europe,Russia,2012,144291029,73.97266,35740.69922
Europe,Russia,2017,146186799,74.46004,35570.39063
Europe,San Marino,1962,16183,50.50745,19436.67287
Europe,San Marino,1967,17688,55.69246,26607.00071
Europe,San Marino,1972,18787,63.81613,34077.38632
Europe,San Marino,1977,20017,75.52429,41571.32609
Europe,San Marino,1982,22055,85.39558,45903.03992
Europe,San Marino,1987,22686,90.43904,51352.23188
Europe,San Marino,1992,24125,90.94864,55184.45817
Europe,San Marino,1997,25800,92.87764,70279.27768
Europe,San Marino,2002,27491,93.94882,82129.89427
Europe,San Marino,2007,29316,95.81829,88024.25407
Europe,San Marino,2012,33467,97.1,58176.3778
Europe,San Marino,2017,34378,97.1,59524.55979
Europe,Serbia,1962,6838635,31.10036,6523.2413
Europe,Serbia,1967,7154389,36.91743,9068.7787
Europe,Serbia,1972,7424739,41.52818,12066.90589
Europe,Serbia,1977,7671484,44.66499,16164.92394
Europe,Serbia,1982,7849649,47.17927,19184.09195
Europe,Serbia,1987,7885359,49.16286,19857.86819
Europe,Serbia,1992,7859809,51.29931,11584.70776
Europe,Serbia,1997,7789182,54.0287,10434.84231
Europe,Serbia,2002,7616743,56.4629,12260.62781
Europe,Serbia,2007,7482989,58.55771,16904.35045
Europe,Serbia,2012,7324623,59.34684,17992.80975
Europe,Serbia,2017,7073507,60.62121,19437.90421
Europe,Slovak Republic,1962,4235790,34.42906,10516.17049
Europe,Slovak Republic,1967,4436104,38.29015,11858.69931
Europe,Slovak Republic,1972,4599800,42.99597,13634.49989
Europe,Slovak Republic,1977,4837712,48.92475,15342.83528
Europe,Slovak Republic,1982,5051807,53.09759,15838.93601
Europe,Slovak Republic,1987,5205880,55.98089,17324.73786
Europe,Slovak Republic,1992,5306436,56.80718,13734.09589
Europe,Slovak Republic,1997,5369779,56.43435,17657.04006
Europe,Slovak Republic,2002,5377688,55.87761,19778.75141
Europe,Slovak Republic,2007,5376999,55.07074,28069.62684
Europe,Slovak Republic,2012,5404871,54.27645,30894.25128
Europe,Slovak Republic,2017,5435700,53.6126,35042.71724
Europe,Slovenia,1962,1633081,29.97523,10882.7258
Europe,Slovenia,1967,1703870,34.23566,13963.4069
Europe,Slovenia,1972,1768217,39.06201,19478.63927
Europe,Slovenia,1977,1851321,45.57394,25471.32787
Europe,Slovenia,1982,1917975,49.44042,28225.42157
Europe,Slovenia,1987,1988021,50.91534,28758.28245
Europe,Slovenia,1992,1995859,50.66313,21535.99399
Europe,Slovenia,1997,1984398,50.37559,26606.59927
Europe,Slovenia,2002,1991572,50.77446,31664.56603
Europe,Slovenia,2007,2014158,50.47071,39879.39188
Europe,Slovenia,2012,2053321,49.76195,37043.06469
Europe,Slovenia,2017,2062410,55.24511,41703.30395
Europe,Spain,1962,31040106,57.95797,8149.40276
Europe,Spain,1967,32820751,63.36391,10928.57967
Europe,Spain,1972,34539867,67.39128,14267.62167
Europe,Spain,1977,36551270,70.12757,16946.89437
Europe,Spain,1982,38047101,72.38646,18837.81764
Europe,Spain,1987,38852010,74.09974,23838.06091
Europe,Spain,1992,39420346,75.19911,31130.60674
Europe,Spain,1997,40423826,75.80426,34440.83804
Europe,Spain,2002,41755704,76.49342,41366.64971
Europe,Spain,2007,45516507,77.77389,45232.17425
Europe,Spain,2012,47018323,78.84557,41034.04816
Europe,Spain,2017,46868596,79.46632,45446.25086
Europe,Sweden,1962,7561515,74.28843,17750.10758
Europe,Sweden,1967,7866404,78.93709,20458.08008
Europe,Sweden,1972,8122425,81.98925,22978.83716
Europe,Sweden,1977,8251695,82.89887,24049.38644
Europe,Sweden,1982,8325183,83.09446,28303.78284
Europe,Sweden,1987,8397648,83.15926,35148.86124
Europe,Sweden,1992,8667574,83.60789,38139.38547
Europe,Sweden,1997,8845524,83.96247,41797.06937
Europe,Sweden,2002,8925047,84.13425,49124.55863
Europe,Sweden,2007,9148274,84.59069,56739.80248
Europe,Sweden,2012,9519487,85.62507,56200.90226
Europe,Sweden,2017,10057862,87.23737,59883.66776
Europe,Switzerland,1962,5573696,52.35169,24361.38424
Europe,Switzerland,1967,5991733,55.71128,28160.11997
Europe,Switzerland,1972,6261081,58.32662,34109.4135
Europe,Switzerland,1977,6281359,60.06853,33613.64171
Europe,Switzerland,1982,6391804,62.44457,39657.68726
Europe,Switzerland,1987,6545773,66.47342,48925.01332
Europe,Switzerland,1992,6875051,69.82006,57328.27953
Europe,Switzerland,1997,7089163,72.48343,60341.2315
Europe,Switzerland,2002,7278752,73.41953,66551.52824
Europe,Switzerland,2007,7545381,73.52838,74172.04891
Europe,Switzerland,2012,7998926,73.75226,74883.61589
Europe,Switzerland,2017,8453628,77.91263,77626.90274
Europe,Turkey,1962,29916147,24.08331,4041.25374
Europe,Turkey,1967,34050421,27.00042,4955.70099
Europe,Turkey,1972,38430221,32.32253,6011.50402
Europe,Turkey,1977,42773298,37.22449,7272.39117
Europe,Turkey,1982,47322096,42.043,7618.68677
Europe,Turkey,1987,52843670,47.84027,10254.01144
Europe,Turkey,1992,57990118,52.79298,12259.39262
Europe,Turkey,1997,62852966,56.52667,14624.52525
Europe,Turkey,2002,67048795,60.73853,14567.44418
Europe,Turkey,2007,70750586,65.33896,19682.39627
Europe,Turkey,2012,75197198,73.77887,22181.12078
Europe,Turkey,2017,83083662,88.03205,27851.982
Europe,Ukraine,1962,43943674,48.77757,8611.50279
Europe,Ukraine,1967,46215988,52.4327,10484.63964
Europe,Ukraine,1972,47946893,56.6131,12802.62722
Europe,Ukraine,1977,49336481,60.24804,14838.97572
Europe,Ukraine,1982,50402724,63.24644,16853.32035
Europe,Ukraine,1987,51515732,66.08044,18964.24068
Europe,Ukraine,1992,52323671,67.86034,16241.95738
Europe,Ukraine,1997,50786885,67.62987,8955.78465
Europe,Ukraine,2002,48677281,67.26727,11593.84214
Europe,Ukraine,2007,47062798,68.21023,18151.64989
Europe,Ukraine,2012,46210056,68.8242,17848.74023
Europe,Ukraine,2017,45436041,69.26331,16310.36035
Europe,United Kingdom,1962,53272830,78.18751,16279.32496
Europe,United Kingdom,1967,54973661,77.23788,17849.0809
Europe,United Kingdom,1972,56079239,76.96641,19602.26793
Europe,United Kingdom,1977,56175829,78.05445,20584.23286
Europe,United Kingdom,1982,56292755,78.57904,23143.3956
Europe,United Kingdom,1987,56886024,78.26102,29867.28196
Europe,United Kingdom,1992,57719272,78.15493,34014.97468
Europe,United Kingdom,1997,58447089,79.14486,39240.69074
Europe,United Kingdom,2002,59540763,80.11461,44751.84782
Europe,United Kingdom,2007,61535855,80.64833,49459.8415
Europe,United Kingdom,2012,63960484,81.29057,47550.94285
Europe,United Kingdom,2017,66354471,82.23066,51601.14044
